ID_POLIGONO,AREA_HA,RENDIMIENTO_T_HA,CONJUNTO,Unnamed: 4,ndvi_promedio_y_mes_4,ndvi_promedio_y_mes_5,ndvi_promedio_y_mes_6,ndvi_promedio_y_mes_7,ndvi_promedio_y_mes_8,ndvi_promedio_y_mes_9,ndvi_promedio_y_mes_10,evi_promedio_y_mes_4,evi_promedio_y_mes_5,evi_promedio_y_mes_6,evi_promedio_y_mes_7,evi_promedio_y_mes_8,evi_promedio_y_mes_9,evi_promedio_y_mes_10,lai_promedio_y_mes_4,lai_promedio_y_mes_5,lai_promedio_y_mes_6,lai_promedio_y_mes_7,lai_promedio_y_mes_8,lai_promedio_y_mes_9,lai_promedio_y_mes_10,ndwi_promedio_mes_4,ndwi_promedio_mes_5,ndwi_promedio_mes_6,ndwi_promedio_mes_7,ndwi_promedio_mes_8,ndwi_promedio_mes_9,ndwi_promedio_mes_10,msi_promedio_mes_4,msi_promedio_mes_5,msi_promedio_mes_6,msi_promedio_mes_7,msi_promedio_mes_8,msi_promedio_mes_9,msi_promedio_mes_10,emsi_promedio_mes_4,emsi_promedio_mes_5,emsi_promedio_mes_6,emsi_promedio_mes_7,emsi_promedio_mes_8,emsi_promedio_mes_9,emsi_promedio_mes_10,vi6t_promedio_mes_4,vi6t_promedio_mes_5,vi6t_promedio_mes_6,vi6t_promedio_mes_7,vi6t_promedio_mes_8,vi6t_promedio_mes_9,vi6t_promedio_mes_10
AGC_001,7.61,3.5,ENTRENAMIENTO,,0.1871,0.1718235294117647,0.26275,0.3232222222222222,0.5371875,0.7989090909090909,0.7052857142857143,0.119,0.11629411764705881,0.168,0.1942222222222222,0.3525,0.6062727272727272,0.4202142857142857,0.6018,0.5788235294117647,0.8829166666666667,1.0633333333333335,1.9288750000000001,2.9825454545454546,2.4149285714285713,-0.104,-0.0905,-0.08499999999999999,-0.002999999999999999,0.11657142857142856,0.3928333333333333,0.3218571428571429,1.233875,1.2045,1.1869999999999998,1.0158333333333334,0.8164285714285714,0.44,0.5238571428571428,1.0742500000000001,1.02425,1.034,0.8191666666666667,0.6041428571428572,0.24266666666666667,0.2864285714285714,-0.61475,-0.604,-0.596,-0.6575,-0.61825,0.0,-0.644
AGC_002,2.31,4.63,ENTRENAMIENTO,,0.20826923076923076,0.2025,0.437,0.7373846153846154,0.7208333333333333,0.6364,0.5016,0.13757692307692307,0.13433333333333333,0.3403333333333333,0.5802307692307692,0.45172222222222225,0.3848,0.2717,0.7078846153846154,0.7273333333333334,1.3693333333333333,2.5464615384615383,2.547555555555556,2.1823,1.7126000000000001,-0.169125,-0.16975,0.10233333333333333,0.27616666666666667,0.24983333333333335,0.20539999999999997,0.07375000000000001,1.409875,1.41175,0.8570000000000001,0.5738333333333333,0.6068333333333333,0.666,0.8845000000000001,1.238875,1.2197500000000001,0.702,0.31616666666666665,0.34833333333333333,0.41899999999999993,0.5225,-0.617,-0.6073999999999999,-0.588,-0.6106666666666666,-0.65425,-0.626,-0.6305000000000001
AGC_003,18.68,,PREDICCION,,0.3205,0.23236363636363636,0.24983333333333335,0.4598,0.7375454545454545,0.7031428571428571,0.6890909090909091,0.17145454545454544,0.13218181818181818,0.1545,0.217,0.5005454545454545,0.4481428571428571,0.4209090909090909,1.138409090909091,0.8289090909090909,0.8081666666666667,1.5198,2.749090909090909,2.4678571428571425,2.3153636363636365,-0.1735,-0.18266666666666667,-0.10350000000000001,0.11416666666666668,0.291,0.353,0.17925,1.435,1.453,1.2435,0.8141666666666666,0.5613333333333334,0.48625,0.7332500000000001,1.02775,1.2933333333333332,1.0,0.5363333333333333,0.30683333333333335,0.251,0.443,-0.6545000000000001,-0.616,-0.612,-0.661,-0.653,-0.645,-0.6436666666666667
AGC_004,8.0,3.0,ENTRENAMIENTO,,0.2203809523809524,0.2121578947368421,0.3207,0.4167142857142857,0.5676111111111112,0.6609999999999999,0.5509473684210526,0.13766666666666666,0.1328421052631579,0.1924,0.258,0.3893333333333333,0.4615,0.3243684210526316,0.7437142857142858,0.7671578947368421,1.1177,1.4475714285714285,2.049888888888889,2.4525,1.8860526315789474,-0.168625,-0.1688333333333333,-0.06275,-0.0134,0.08514285714285715,0.259,0.1462,1.413875,1.4178333333333333,1.1492499999999999,1.053,0.8785714285714287,0.6088333333333333,0.779,1.21875,1.1956666666666667,0.94025,0.8103999999999999,0.6241428571428571,0.37666666666666665,0.5074,-0.625,-0.6223333333333333,-0.616,-0.625,-0.6265000000000001,-0.623,-0.64
AGC_005,2.27,5.16,ENTRENAMIENTO,,0.2574230769230769,0.2565625,0.3801666666666666,0.5344,0.6115555555555555,0.8385454545454546,0.7967777777777778,0.15553846153846151,0.1540625,0.2588333333333333,0.3649,0.39116666666666666,0.6906363636363637,0.5932222222222223,0.9307307692307691,0.97125,1.3443333333333334,1.9402000000000001,2.1678888888888888,3.138727272727273,2.848111111111111,-0.249375,-0.248,-0.10466666666666667,-0.03759999999999999,0.07266666666666666,0.40120000000000006,0.351,1.6748750000000001,1.6675,1.2576666666666665,1.1746,0.9423333333333334,0.438,0.498,1.465125,1.4255,0.9966666666666667,0.914,0.669,0.22359999999999997,0.27525,-0.64,-0.6283333333333333,-0.617,-0.6393333333333334,-0.65125,-0.64,-0.6405000000000001
AGC_006,3.84,4.49,ENTRENAMIENTO,,0.17137499999999997,0.1621764705882353,0.2508,0.5048333333333334,0.7290625,0.7228,0.6116666666666667,0.11220833333333334,0.11870588235294116,0.14700000000000002,0.3486666666666667,0.531375,0.49269999999999997,0.35200000000000004,0.523875,0.5413529411764706,0.7904,1.6115000000000002,2.5013125,2.621,1.9794444444444446,-0.13087500000000002,-0.0935,-0.05166666666666667,0.16483333333333333,0.2836,0.2996666666666667,0.23575000000000002,1.3042500000000001,1.21525,1.119,0.7345,0.5676,0.543,0.62575,1.1635,1.041,0.9086666666666666,0.463,0.3194,0.296,0.36775,-0.6028571428571429,-0.5742499999999999,-0.6165,-0.617,-0.6223333333333333,-0.6445000000000001,-0.637
AGC_007,2.87,3.5,ENTRENAMIENTO,,0.1986842105263158,0.18825,0.22233333333333336,0.6954285714285715,0.8152222222222222,0.711875,0.4086666666666667,0.1038421052631579,0.106875,0.11833333333333333,0.48228571428571426,0.6413888888888889,0.52025,0.25077777777777777,0.6108947368421053,0.6156874999999999,0.7453333333333333,2.4702857142857146,3.2295555555555553,2.5953749999999998,1.3846666666666667,-0.04528571428571428,-0.0366,-0.048,0.277,0.4651428571428572,0.3906,0.1092,1.1085714285714285,1.0868,1.10775,0.5800000000000001,0.3711428571428571,0.44480000000000003,0.8140000000000001,0.9625714285714285,0.8852,0.8955,0.337,0.18728571428571428,0.233,0.48599999999999993,-0.64775,-0.6615,-0.644,-0.65,-0.649,0.0,-0.6126666666666667
AGC_008,10.77,4.55,ENTRENAMIENTO,,0.21756,0.21900000000000003,0.31983333333333336,0.5060909090909091,0.6310588235294118,0.687,0.5248,0.1322,0.13776470588235296,0.19099999999999998,0.3422727272727273,0.3901764705882353,0.40750000000000003,0.29910000000000003,0.75176,0.8010588235294118,1.0753333333333333,1.6171818181818183,2.2181764705882356,2.4285714285714284,1.7312,-0.19475,-0.156,-0.06433333333333334,0.08833333333333333,0.13599999999999998,0.2415,0.1684,1.486625,1.3876,1.146,0.8515,0.7744285714285715,0.618,0.7268,1.299625,1.1436,0.9023333333333333,0.5596666666666666,0.4838571428571429,0.3375,0.4168,-0.63375,-0.6305000000000001,-0.621,-0.6145,-0.645,-0.6406666666666667,-0.64
AGC_009,0.38,4.79,ENTRENAMIENTO,,0.24454166666666666,0.24564285714285714,0.26799999999999996,0.59275,0.66,0.5827777777777778,0.47525,0.13791666666666666,0.14207142857142857,0.14679999999999999,0.36875,0.3923846153846154,0.35366666666666663,0.22883333333333333,0.800125,0.8300714285714286,0.901,1.925,2.283923076923077,1.9768888888888891,1.5555833333333335,-0.062,-0.0396,-0.0325,0.213,0.22383333333333333,0.15475,0.0622,1.138625,1.0912,1.07375,0.6706666666666666,0.6416666666666667,0.74275,0.8936,0.907,0.817,0.8165,0.40850000000000003,0.36683333333333334,0.4665,0.5412,-0.65225,-0.642,-0.6405000000000001,-0.65,-0.657,-0.65,-0.6503333333333333
AGC_010,7.27,4.1,ENTRENAMIENTO,,0.18868,0.1928235294117647,0.37299999999999994,0.6862222222222223,0.655,0.6561666666666667,0.5926363636363636,0.13028,0.13294117647058826,0.2397142857142857,0.48877777777777776,0.40049999999999997,0.40091666666666664,0.317,0.62452,0.6820588235294118,1.2029999999999998,2.0874444444444444,2.1775555555555552,2.2955,1.9216363636363634,-0.1505,-0.1322,0.01875,0.27199999999999996,0.24785714285714283,0.3053333333333333,0.19783333333333333,1.362125,1.3168000000000002,0.9744999999999999,0.5806666666666667,0.6087142857142858,0.5383333333333333,0.6815000000000001,1.21725,1.0954000000000002,0.7295,0.32883333333333337,0.35328571428571426,0.29633333333333334,0.38516666666666666,-0.6125,-0.6053333333333333,-0.6174999999999999,-0.6174999999999999,-0.646,-0.646,-0.627
AGC_011,7.17,,PREDICCION,,0.23595833333333335,0.23371428571428574,0.33,0.5728888888888889,0.6698461538461539,0.6567999999999999,0.5982999999999999,0.14775,0.143,0.19366666666666665,0.36433333333333334,0.44153846153846155,0.42069999999999996,0.335,0.8044583333333333,0.8422142857142857,1.1521666666666668,1.8356666666666668,2.2315384615384612,2.2031,1.8348,-0.147125,-0.17075,-0.065,0.16966666666666666,0.2158571428571429,0.23620000000000002,0.19566666666666666,1.367125,1.42075,1.1495,0.7213333333333334,0.6591428571428571,0.6286,0.6845,1.159875,1.188,0.87625,0.4463333333333333,0.4072857142857143,0.3654,0.39599999999999996,-0.62425,-0.6174,-0.6185,-0.62375,-0.6311666666666667,-0.627,-0.6317999999999999
AGC_012,4.08,4.69,ENTRENAMIENTO,,0.22696153846153846,0.21883333333333332,0.2872,0.5721111111111111,0.6903333333333334,0.7668,0.687,0.14707692307692308,0.14805555555555555,0.1784,0.3615555555555556,0.48304761904761906,0.5368,0.429,0.7548076923076923,0.7741111111111111,0.9246000000000001,1.9143333333333332,2.5104761904761905,2.8367999999999998,2.3009,-0.08071428571428571,-0.09,-0.015499999999999998,0.18400000000000002,0.266,0.296,0.30325,1.1845714285714286,1.205,1.0375,0.6966666666666667,0.5896666666666667,0.55775,0.5425,1.0054285714285713,1.0110000000000001,0.82575,0.43050000000000005,0.3401666666666667,0.33675,0.2935,-0.6134285714285713,-0.6073333333333334,-0.595,-0.6246666666666667,-0.6455,-0.6355,-0.6443333333333333
AGC_013,5.6,4.01,ENTRENAMIENTO,,0.18573076923076923,0.17638888888888887,0.2851666666666667,0.5197777777777778,0.6431578947368422,0.75575,0.7573636363636363,0.12492307692307693,0.12555555555555556,0.17266666666666666,0.31955555555555554,0.4136842105263158,0.562125,0.49536363636363634,0.5895,0.6016111111111111,0.9353333333333333,1.7537777777777779,2.449315789473684,2.998125,2.641363636363636,-0.13085714285714284,-0.129,-0.019500000000000003,0.1635,0.30920000000000003,0.42766666666666664,0.386,1.3024285714285715,1.29825,1.047,0.7236666666666668,0.546,0.409,0.449,1.164142857142857,1.13,0.8282499999999999,0.4658333333333333,0.3368,0.217,0.22825,-0.6028571428571429,-0.5861666666666666,-0.599,-0.6236666666666667,-0.6386666666666666,-0.6425000000000001,-0.644
AGC_014,7.44,4.83,ENTRENAMIENTO,,0.20884615384615385,0.2263125,0.4075,0.7705,0.7779411764705882,0.7084444444444444,0.5522222222222222,0.14546153846153848,0.1538125,0.21016666666666664,0.508625,0.5004705882352942,0.45588888888888884,0.2937777777777778,0.7321923076923077,0.838875,1.3743333333333332,2.5092499999999998,2.722058823529412,2.4493333333333336,1.74,-0.18,-0.163,0.008666666666666665,0.309,0.35085714285714287,0.2783333333333333,0.1382,1.442625,1.4034,1.006,0.5346666666666667,0.485,0.5703333333333332,0.7646,1.272125,1.178,0.6970000000000001,0.2801666666666667,0.24157142857142858,0.317,0.4396,-0.6164,-0.6234999999999999,-0.64,-0.6375,-0.65275,-0.642,-0.617
AGC_015,1.97,2.64,ENTRENAMIENTO,,0.23157692307692307,0.23205882352941176,0.33516666666666667,0.45875,0.5338333333333334,0.6970833333333334,0.6662,0.1536153846153846,0.15223529411764705,0.22999999999999998,0.288625,0.34461111111111115,0.4776666666666667,0.4147,0.7821923076923076,0.8229411764705883,1.0958333333333334,1.50575,1.883,2.553666666666667,2.2796,-0.159375,-0.141,-0.03625,0.035166666666666666,0.09128571428571429,0.261,0.21675,1.384875,1.3397999999999999,1.08925,0.9466666666666667,0.8548571428571429,0.5976,0.65025,1.1675,1.0826,0.8422499999999999,0.6585,0.5808571428571428,0.3558,0.39525,-0.6131428571428571,-0.6064999999999999,-0.596,-0.6203333333333333,-0.6322,-0.619,-0.635
AGC_016,7.47,,PREDICCION,,0.2350740740740741,0.20594444444444443,0.3061666666666667,0.67375,0.743235294117647,0.6225454545454545,0.4596666666666667,0.1425925925925926,0.12333333333333332,0.205,0.5015833333333334,0.4756470588235294,0.384,0.25522222222222224,0.7999259259259259,0.7265,1.0076666666666667,2.370416666666667,2.6474117647058826,2.1654545454545455,1.5435555555555556,-0.15425,-0.16025,-0.0049999999999999975,0.23866666666666667,0.2836666666666667,0.2285,0.092,1.36975,1.38375,1.0354999999999999,0.62,0.5625,0.63575,0.8507999999999999,1.212,1.2035,0.7915000000000001,0.36366666666666664,0.31816666666666665,0.375,0.533,-0.6328,-0.6176,-0.6,-0.612,-0.64925,-0.616,-0.6245
AGC_017,1.6,4.98,ENTRENAMIENTO,,0.21515384615384617,0.2286875,0.3065,0.5834444444444444,0.6444736842105264,0.6618,0.6308,0.14003846153846153,0.1460625,0.19283333333333333,0.37377777777777776,0.41200000000000003,0.403,0.3229,0.7190769230769232,0.8168125,1.0376666666666667,2.1067777777777774,2.3547894736842103,2.3993,2.1752,-0.159375,-0.16399999999999998,-0.05933333333333333,0.13540000000000002,0.19866666666666666,0.27616666666666667,0.1834,1.384875,1.39875,1.1413333333333333,0.7696,0.6779999999999999,0.5793333333333334,0.6996,1.126625,1.123,0.8649999999999999,0.47800000000000004,0.4095,0.3193333333333333,0.3982,-0.6105714285714285,-0.619,-0.598,-0.6256666666666667,-0.63375,-0.62625,-0.6186666666666666
AGC_018,1.67,4.49,ENTRENAMIENTO,,0.264,0.2597333333333333,0.4338333333333333,0.676625,0.7433529411764707,0.7221818181818181,0.54625,0.16238461538461538,0.15626666666666666,0.26316666666666666,0.471125,0.49923529411764705,0.4729090909090909,0.317,0.9434230769230769,0.9732000000000001,1.4336666666666666,2.1775,2.5779411764705884,2.4656363636363636,1.8218333333333332,-0.199125,-0.221,-0.054,0.21666666666666667,0.2695,0.24133333333333332,0.13425,1.50575,1.5695000000000001,1.122,0.6631666666666667,0.5806666666666667,0.6176666666666667,0.77,1.27825,1.2967499999999998,0.8453333333333334,0.37683333333333335,0.3173333333333333,0.3383333333333333,0.44125000000000003,-0.639,-0.6496666666666667,-0.631,-0.625,-0.635,-0.64025,-0.639
AGC_019,5.65,3.0,ENTRENAMIENTO,,0.21909090909090911,0.1946,0.23959999999999998,0.6957857142857142,0.778375,0.5194615384615384,0.37411764705882355,0.1285909090909091,0.1212,0.14479999999999998,0.5035000000000001,0.586375,0.32123076923076926,0.18458823529411764,0.7293636363636363,0.7017333333333333,0.8589,2.508714285714286,2.913375,1.794,1.2651764705882353,-0.13957142857142857,-0.1455,-0.04700000000000001,0.30179999999999996,0.39914285714285713,0.20800000000000002,-0.0306,1.3274285714285714,1.3463333333333332,1.129,0.5574,0.433,0.6664,1.08,1.1747142857142858,1.1501666666666666,0.9866666666666667,0.3348,0.222,0.4062,0.7078,-0.63425,-0.6206666666666667,-0.592,-0.624,-0.6445000000000001,-0.632,-0.6335
AGC_020,8.34,3.5,ENTRENAMIENTO,,0.20323809523809522,0.197375,0.2535714285714286,0.7254615384615384,0.8290625,0.5724285714285714,0.33984615384615385,0.12704761904761905,0.12775,0.1524285714285714,0.5752307692307692,0.6219375,0.4003571428571429,0.19423076923076923,0.6798571428571429,0.7148125,0.9248571428571429,2.517153846153846,3.1545625,1.9372142857142856,1.162923076923077,-0.160375,-0.16640000000000002,-0.11625,0.3044,0.44,0.27199999999999996,-0.018333333333333333,1.3835,1.4014,1.27875,0.557,0.39414285714285713,0.5811999999999999,1.0458333333333334,1.211625,1.207,1.0827499999999999,0.32,0.195,0.3166,0.6435,-0.624,-0.6205,-0.603,-0.619,-0.6435,-0.622,-0.6165
AGC_021,2.86,4.94,ENTRENAMIENTO,,0.2076,0.20392857142857143,0.28271428571428575,0.5152,0.39261111111111113,0.6866923076923077,0.6888,0.12648,0.12792857142857142,0.178,0.3234,0.24283333333333335,0.49323076923076925,0.4163,0.6849200000000001,0.7231428571428572,0.9658571428571429,1.6347999999999998,1.3999444444444444,2.3569999999999998,2.308,-0.15837500000000002,-0.126,-0.05175,0.051833333333333335,-0.003,0.30533333333333335,0.3154,1.3835,1.3075999999999999,1.12325,0.9283333333333333,1.0364,0.5435,0.5378000000000001,1.139,1.0564,0.849,0.649,0.7323999999999999,0.3006666666666667,0.3,-0.619125,-0.6096,-0.598,-0.6243333333333333,-0.6201428571428572,-0.62775,-0.64075
AGC_022,11.99,4.55,ENTRENAMIENTO,,0.22033333333333335,0.2185,0.306,0.5708181818181818,0.6399473684210527,0.6109090909090908,0.49041666666666667,0.13112500000000002,0.1384375,0.18971428571428572,0.3785454545454545,0.4080526315789474,0.359,0.25458333333333333,0.7635,0.809625,1.0282857142857142,1.9043636363636365,2.1923684210526315,2.070909090909091,1.5976666666666668,-0.209125,-0.1804,-0.059500000000000004,0.12783333333333333,0.18342857142857144,0.16975,0.0796,1.5358749999999999,1.4586000000000001,1.15375,0.7888333333333333,0.7015714285714285,0.72125,0.8718,1.354625,1.2311999999999999,0.90475,0.49983333333333335,0.42771428571428566,0.42125,0.5284,-0.639,-0.6203333333333333,-0.612,-0.619,-0.6325000000000001,-0.6425000000000001,-0.635
AGC_023,7.72,3.0,ENTRENAMIENTO,,0.21825,0.20004761904761903,0.30720000000000003,0.6095555555555555,0.7213125,0.6464615384615384,0.4570588235294118,0.12775,0.12438095238095238,0.1901,0.43044444444444446,0.492,0.37223076923076925,0.21935294117647058,0.7553,0.7422380952380953,1.0618,1.9415555555555555,2.511375,2.144846153846154,1.4290588235294117,-0.185875,-0.18366666666666667,-0.11266666666666668,0.19660000000000002,0.2855714285714286,0.1968,-0.04114285714285714,1.457875,1.4518333333333333,1.2586666666666666,0.6891999999999999,0.5585714285714286,0.6792,1.102,1.278625,1.2503333333333333,1.0543333333333333,0.44079999999999997,0.30542857142857144,0.3742,0.7008571428571428,-0.64025,-0.635,-0.618,-0.6285000000000001,-0.63025,-0.6343333333333333,-0.6455
AGC_024,11.53,3.03,ENTRENAMIENTO,,0.2167916666666667,0.216,0.2528333333333333,0.4831818181818182,0.6821764705882353,0.7383333333333333,0.6895833333333333,0.13433333333333333,0.1350625,0.15216666666666667,0.3179090909090909,0.45588235294117646,0.4811666666666667,0.38166666666666665,0.74225,0.7959375,0.854,1.6592727272727272,2.644823529411765,2.8784166666666664,2.5155833333333333,-0.19414285714285714,-0.1768,-0.07949999999999999,0.06516666666666666,0.20939999999999998,0.28075,0.2585,1.4847142857142859,1.439,1.1905000000000001,0.8855,0.6672,0.56875,0.59425,1.2682857142857142,1.173,0.9532499999999999,0.5793333333333334,0.402,0.312,0.3135,-0.638,-0.6166666666666667,-0.606,-0.615,-0.64825,-0.6393333333333334,-0.649
AGC_025,2.0,,PREDICCION,,0.22595,0.20910526315789474,0.3975,0.505,0.4981764705882353,0.7035833333333333,0.6240526315789474,0.13595,0.12794736842105264,0.213,0.31155555555555553,0.3214705882352941,0.45175000000000004,0.3301578947368421,0.7657499999999999,0.752578947368421,1.316,1.6123333333333332,1.8009411764705883,2.4361666666666664,2.0300526315789473,-0.158125,-0.15783333333333333,-0.03225,0.06939999999999999,0.05585714285714286,0.2788333333333333,0.21142857142857144,1.377375,1.3883333333333334,1.08175,0.9161999999999999,0.9297142857142857,0.5673333333333334,0.6587142857142857,1.16675,1.1860000000000002,0.84925,0.6721999999999999,0.6807142857142858,0.32566666666666666,0.3868571428571429,-0.638,-0.6485000000000001,-0.64,-0.639,-0.6375,-0.648,-0.6455
AGC_026,5.49,3.55,ENTRENAMIENTO,,0.18469230769230768,0.1978125,0.30516666666666664,0.521,0.5662222222222222,0.6217272727272728,0.6186666666666667,0.12976923076923078,0.1299375,0.19933333333333333,0.3449,0.3422222222222222,0.37345454545454543,0.3518333333333333,0.6062307692307692,0.689875,1.0698333333333334,1.9236999999999997,2.116277777777778,2.342,2.2176666666666667,-0.150375,-0.155,-0.063,0.1348,0.17657142857142857,0.21416666666666664,0.16416666666666666,1.358,1.37175,1.144,0.7686,0.7047142857142857,0.652,0.7258333333333334,1.2235,1.208,0.9099999999999998,0.5172,0.46571428571428575,0.408,0.45533333333333337,-0.5998333333333333,-0.6183333333333333,-0.608,-0.6143333333333333,-0.6425000000000001,-0.6595,-0.6513333333333334
AGC_027,8.46,,PREDICCION,,0.20276190476190475,0.19041176470588236,0.2728,0.6183,0.7914444444444445,0.6495882352941176,0.4455294117647059,0.12985714285714284,0.12352941176470589,0.1613,0.4382,0.612,0.4419411764705882,0.24600000000000002,0.6828095238095239,0.6861764705882353,0.9345000000000001,2.1237000000000004,2.982111111111111,2.3474705882352938,1.5402352941176471,-0.164875,-0.13999999999999999,-0.06725,0.22479999999999997,0.33914285714285713,0.258,0.06671428571428571,1.4004999999999999,1.3365,1.155,0.659,0.5081428571428572,0.5968333333333333,0.8951428571428571,1.2566249999999999,1.1466666666666667,0.96925,0.4232,0.2832857142857143,0.3491666666666666,0.5654285714285715,-0.6255,-0.6263333333333333,-0.607,-0.625,-0.62875,-0.63,-0.622
AGC_028,1.86,,PREDICCION,,0.227625,0.22473684210526318,0.28583333333333333,0.4120909090909091,0.5024285714285714,0.5888,0.5092727272727273,0.13129166666666667,0.13868421052631577,0.18383333333333332,0.2802727272727273,0.3110714285714286,0.3702,0.2867272727272727,0.7577083333333333,0.7753157894736842,0.9308333333333333,1.3647272727272728,1.7685714285714287,2.0915,1.7222727272727274,-0.09525,-0.097,-0.022333333333333334,0.0632,0.14042857142857143,0.23,0.14725,1.213375,1.21725,1.0506666666666666,0.885,0.7628571428571428,0.63375,0.75,0.985125,0.9737499999999999,0.7936666666666667,0.6236,0.5024285714285714,0.36175,0.45725,-0.63375,-0.6194999999999999,-0.608,-0.6014999999999999,-0.63825,-0.646,-0.639
AGC_029,5.9,,PREDICCION,,0.18426315789473682,0.1694375,0.2528,0.3627777777777778,0.5173125000000001,0.7135,0.614375,0.10910526315789473,0.106125,0.1584,0.21855555555555556,0.33518749999999997,0.5114285714285715,0.33675,0.5789473684210527,0.5636875,0.8381000000000001,1.2084444444444444,1.8340625,2.6304285714285713,2.0572500000000002,-0.116625,-0.1135,0.11975000000000001,0.014666666666666668,0.11028571428571429,0.284,0.20540000000000003,1.26525,1.258,0.8695,0.9813333333333333,0.8161428571428572,0.5626,0.6746,1.1087500000000001,1.0805,0.7382500000000001,0.7665000000000001,0.5917142857142857,0.327,0.4062,-0.62275,-0.6125,-0.59,-0.6305000000000001,-0.6025,-0.604,-0.638
AGC_030,13.05,,PREDICCION,,0.2407,0.22057142857142858,0.308,0.39914285714285713,0.6445,0.6739999999999999,0.5483333333333333,0.14575,0.13135714285714287,0.16528571428571429,0.21485714285714286,0.403125,0.44122222222222224,0.3005833333333333,0.8027000000000001,0.787,0.9784285714285714,1.3288571428571427,2.1475,2.2657777777777777,1.7357500000000001,-0.118125,-0.0738,-0.019,0.06420000000000001,0.21485714285714286,0.32025000000000003,0.1772,1.282875,1.1758,1.046,0.8926000000000001,0.6555714285714286,0.52125,0.7032,0.972625,0.901,0.831,0.6628000000000001,0.40385714285714286,0.28325,0.4236,-0.63425,-0.632,-0.645,-0.646,-0.643,-0.601,-0.634
AGC_031,1.98,,PREDICCION,,0.24345833333333333,0.2372222222222222,0.3322857142857143,0.5751000000000001,0.6518235294117647,0.6573076923076923,0.6128181818181818,0.16354166666666667,0.15977777777777777,0.23900000000000002,0.4266,0.4350588235294118,0.47623076923076924,0.37354545454545457,0.8259583333333333,0.8521111111111112,1.1264285714285713,1.9142,2.260529411764706,2.3605384615384617,2.0802727272727273,-0.09749999999999999,-0.1145,0.0345,0.2343333333333333,0.20414285714285715,0.30525,0.18380000000000002,1.2305000000000001,1.2657500000000002,0.949,0.6315,0.6777142857142857,0.5415,0.6996,1.00475,1.0165,0.718,0.37033333333333335,0.4084285714285714,0.285,0.3882,-0.62175,-0.6185,-0.6114999999999999,-0.6105,-0.6365000000000001,-0.642,-0.64
AGC_032,1.44,4.03,ENTRENAMIENTO,,0.20958333333333334,0.20861904761904762,0.24083333333333334,0.5741818181818181,0.747,0.7121111111111111,0.46390000000000003,0.131,0.13871428571428573,0.1635,0.4094545454545454,0.52025,0.46900000000000003,0.26339999999999997,0.718,0.7572857142857143,0.8131666666666666,1.9096363636363636,2.74775,2.525111111111111,1.5742,-0.14150000000000001,-0.17375,-0.09000000000000001,0.17666666666666667,0.30214285714285716,0.2954,0.11474999999999999,1.349625,1.4304999999999999,1.2066666666666668,0.7141666666666667,0.5385714285714286,0.5474,0.80325,1.158375,1.2285,0.9763333333333333,0.44916666666666666,0.287,0.3106,0.489,-0.6296,-0.616,-0.6,-0.6185,-0.6483333333333333,-0.644,-0.6285000000000001
AGC_033,21.04,4.47,ENTRENAMIENTO,,0.19999999999999998,0.19668750000000002,0.2575,0.47759999999999997,0.5141428571428571,0.6656666666666667,0.6143333333333333,0.12558333333333335,0.1215625,0.1645,0.3226,0.3102142857142857,0.44222222222222224,0.3152222222222222,0.6376666666666667,0.673875,0.8603333333333333,1.5243,1.762,2.325,2.027888888888889,-0.11075,-0.12275,-0.06233333333333333,0.08183333333333333,0.12571428571428572,0.23500000000000001,0.2676,1.26,1.28375,1.1363333333333332,0.8746666666666667,0.8049999999999999,0.63575,0.6012,1.06025,1.06525,0.8863333333333333,0.6175,0.5378571428571429,0.39,0.3512,-0.60975,-0.6028,-0.5883333333333333,-0.6164,-0.62025,-0.6353333333333334,-0.6433333333333334
AGC_034,8.09,2.0,ENTRENAMIENTO,,0.21690476190476188,0.19525,0.25516666666666665,0.49274999999999997,0.6388,0.5758571428571428,0.49610000000000004,0.11880952380952381,0.11141666666666666,0.13616666666666666,0.296,0.39586666666666664,0.3485714285714286,0.286,0.7144285714285714,0.6720833333333333,0.8443333333333333,1.497375,2.134466666666667,1.893,1.5161,-0.10675,-0.0392,-0.052,0.1486,0.22785714285714284,0.2244,0.0995,1.249625,1.1023999999999998,1.1167500000000001,0.7484,0.6337142857142857,0.6418,0.82425,1.0578750000000001,0.9104000000000001,0.87925,0.48819999999999997,0.38242857142857145,0.3694,0.486,-0.64725,-0.6395,-0.629,0.0,-0.6416666666666667,-0.649,-0.6263333333333333
AGC_035,23.8,4.68,ENTRENAMIENTO,,0.19595238095238096,0.1956,0.2285,0.4918181818181818,0.6958,0.7666666666666666,0.5517500000000001,0.13804761904761906,0.13945000000000002,0.159,0.3211818181818182,0.47159999999999996,0.51825,0.32483333333333336,0.6905238095238095,0.73045,0.8161666666666667,1.5519999999999998,2.493866666666667,2.74675,1.8036666666666665,-0.182125,-0.2,-0.09199999999999998,0.09849999999999999,0.20442857142857143,0.32725,0.18775,1.4555,1.5028,1.219,0.8408333333333333,0.6852857142857143,0.509,0.69775,1.238125,1.2731999999999999,0.9786666666666667,0.5106666666666667,0.39985714285714286,0.24875,0.40549999999999997,-0.6094999999999999,-0.60825,-0.578,-0.6366666666666667,-0.6425000000000001,-0.64975,-0.6316666666666667
AGC_036,5.0,,PREDICCION,,0.1997307692307692,0.2058125,0.4223333333333333,0.6688571428571429,0.6712777777777778,0.5836363636363636,0.45640000000000003,0.13496153846153847,0.1398125,0.34400000000000003,0.5190714285714286,0.41183333333333333,0.37872727272727275,0.2693,0.6748461538461539,0.7361875,1.281,2.1375,2.2374444444444443,1.9103636363636363,1.4987,-0.179,-0.17049999999999998,0.09633333333333333,0.27133333333333337,0.25583333333333336,0.20800000000000002,0.002999999999999999,1.4385000000000001,1.41375,0.8443333333333333,0.5855,0.6026666666666667,0.6734,1.00125,1.26325,1.20875,0.6116666666666667,0.32983333333333337,0.3405,0.371,0.62275,-0.6093333333333333,-0.6058,-0.584,-0.6136666666666667,-0.64225,-0.6245,-0.6123333333333333
AGC_037,2.66,3.5,ENTRENAMIENTO,,0.20825,0.1950625,0.3001,0.522888888888889,0.682,0.7009285714285715,0.5387777777777778,0.131,0.1250625,0.1487,0.339,0.45894117647058824,0.4476428571428572,0.2986111111111111,0.70015,0.699125,1.0733000000000001,1.6733333333333333,2.3156470588235294,2.4872857142857145,1.7803888888888888,-0.14425,-0.1812,-0.10133333333333333,0.127,0.21100000000000002,0.266,0.09166666666666667,1.3535,1.4442,1.2316666666666667,0.7886,0.6547142857142857,0.58325,0.8535,1.1555,1.2406,0.9966666666666667,0.5264,0.38242857142857145,0.29675,0.5158333333333334,-0.622,-0.6216666666666667,-0.635,-0.606,-0.631,-0.647,-0.642
AGC_038,3.28,3.3,ENTRENAMIENTO,,0.23023809523809524,0.19992307692307693,0.24357142857142858,0.5357142857142857,0.7252,0.6347777777777778,0.4560769230769231,0.13028571428571428,0.11900000000000001,0.125,0.348,0.47386666666666666,0.44122222222222224,0.2493076923076923,0.7399523809523809,0.6775384615384615,0.7964285714285715,1.6965714285714284,2.6090666666666666,2.1895555555555557,1.5267692307692307,-0.053375000000000006,-0.07633333333333332,-0.02225,0.2166,0.3392857142857143,0.30579999999999996,0.11779999999999999,1.11675,1.167,1.05525,0.6548,0.49628571428571433,0.538,0.8012,0.9295,0.9819999999999999,0.8499999999999999,0.41859999999999997,0.27814285714285714,0.2942,0.4782,-0.64775,-0.6326666666666667,-0.628,-0.645,-0.645,-0.653,-0.6243333333333333
AGC_039,7.71,,PREDICCION,,0.202,0.17922222222222223,0.22499999999999998,0.6136666666666667,0.7084705882352942,0.5185000000000001,0.37466666666666665,0.12361904761904763,0.11761111111111111,0.143,0.41983333333333334,0.5068235294117647,0.3354285714285714,0.1934,0.6528571428571428,0.6238888888888889,0.779,2.138333333333333,2.575235294117647,1.7934285714285714,1.2368666666666668,-0.12375,-0.10783333333333334,-0.09899999999999999,0.20350000000000001,0.3047142857142857,0.2064,0.008166666666666664,1.283375,1.2463333333333333,1.224,0.6753333333333332,0.5377142857142857,0.6656,1.0006666666666666,1.111875,1.0345,1.0599999999999998,0.44049999999999995,0.30957142857142855,0.3956,0.638,-0.62125,-0.6105,-0.585,-0.633,-0.645,-0.629,-0.631
AGC_040,5.46,3.0,ENTRENAMIENTO,,0.2202,0.20400000000000001,0.3639090909090909,0.48255555555555557,0.5393125,0.7764615384615384,0.6411052631578947,0.1266,0.12416666666666666,0.20136363636363636,0.30444444444444446,0.348125,0.5195384615384615,0.37110526315789477,0.7562,0.7368888888888888,1.2302727272727272,1.562111111111111,1.9039375,2.7388461538461537,2.126894736842105,-0.16725,-0.17933333333333334,-0.057499999999999996,0.010000000000000004,0.04114285714285714,0.36819999999999997,0.26542857142857146,1.4045,1.441,1.1425,1.0464,0.965,0.4646,0.5890000000000001,1.19875,1.2265,0.9197500000000001,0.8182,0.7135714285714286,0.2412,0.32399999999999995,-0.63575,-0.6405000000000001,-0.632,-0.639,-0.63725,-0.6465000000000001,-0.6495
AGC_041,25.13,2.5,ENTRENAMIENTO,,0.20900000000000002,0.19208333333333336,0.3008571428571428,0.695125,0.6896,0.5790833333333333,0.4889090909090909,0.11742857142857144,0.11291666666666667,0.1772857142857143,0.44475,0.41933333333333334,0.35375,0.256,0.6871904761904761,0.6865,1.0132857142857143,2.1811249999999998,2.2598666666666665,1.92,1.5119090909090909,-0.10257142857142856,-0.10625000000000001,-0.07133333333333333,0.325,0.26185714285714284,0.18939999999999999,0.11079999999999998,1.2408571428571429,1.24925,1.1656666666666666,0.5145000000000001,0.5907142857142856,0.6891999999999999,0.8108000000000001,1.0591428571428572,1.0395,0.9380000000000001,0.26333333333333336,0.3257142857142857,0.3802,0.4554,-0.649,-0.6355,-0.63,-0.644,-0.6473333333333334,-0.637,-0.634
AGC_042,3.81,,PREDICCION,,0.2373809523809524,0.2069,0.3046666666666667,0.5555714285714286,0.7200666666666666,0.6385,0.5178461538461538,0.12795238095238096,0.1145,0.16716666666666669,0.3361428571428572,0.4734666666666667,0.451625,0.3041538461538461,0.7919047619047619,0.7445,1.0171666666666666,1.7008571428571428,2.5084666666666666,2.187125,1.7013076923076924,-0.093875,-0.08549999999999999,-0.083,0.2195,0.32257142857142856,0.28300000000000003,0.1262,1.225,1.2005,1.191,0.6486666666666666,0.5171428571428571,0.568,0.7846,1.012375,0.95275,0.9432499999999999,0.3895,0.28485714285714286,0.304,0.4438,-0.65425,-0.638,-0.641,-0.656,-0.6463333333333333,-0.656,-0.6346666666666666
AGC_043,7.15,,PREDICCION,,0.2152692307692308,0.23258823529411765,0.3558,0.6342,0.42388235294117643,0.6942999999999999,0.7893,0.1438076923076923,0.15,0.1512,0.4224,0.24405882352941177,0.46180000000000004,0.4772,0.7581538461538462,0.8727058823529412,1.157,1.9992999999999999,1.5120588235294117,2.348,2.7287,-0.199875,-0.204,-0.021333333333333333,0.1435,-0.03628571428571429,0.259,0.40780000000000005,1.50275,1.5145,1.0606666666666666,0.7858333333333333,1.1124285714285713,0.593,0.426,1.345,1.2962500000000001,0.7593333333333333,0.5076666666666666,0.8200000000000001,0.325,0.2152,-0.6214000000000001,-0.6325000000000001,-0.637,-0.6214999999999999,-0.6465000000000001,-0.627,-0.653
AGC_044,0.68,3.5,ENTRENAMIENTO,,0.1882857142857143,0.17929411764705883,0.23742857142857146,0.6776666666666666,0.7056666666666666,0.5537692307692308,0.37523076923076926,0.125,0.12182352941176472,0.14914285714285716,0.5245,0.4988,0.3723846153846154,0.20807692307692308,0.6094285714285714,0.6306470588235294,0.8472857142857143,2.2765833333333334,2.5769333333333333,1.8876923076923076,1.2623846153846154,-0.143125,-0.1524,-0.0895,0.2472,0.3057142857142857,0.1862,-0.014714285714285716,1.335875,1.361,1.20625,0.6194,0.5344285714285715,0.6986,1.0478571428571428,1.143375,1.1526,0.99125,0.3778,0.2978571428571429,0.3952,0.6528571428571429,-0.613,-0.6106666666666666,-0.608,-0.6136666666666667,-0.63425,-0.6286666666666667,-0.625
AGC_045,1.49,4.1,ENTRENAMIENTO,,0.2517307692307692,0.24357142857142858,0.36,0.625,0.7454705882352941,0.7446363636363637,0.6099230769230769,0.15692307692307692,0.14964285714285716,0.21057142857142858,0.42025,0.5147647058823529,0.5114545454545455,0.3839230769230769,0.8879615384615385,0.9076428571428572,1.2224285714285714,2.033,2.574470588235294,2.5137272727272726,1.9513076923076924,-0.19742857142857145,-0.20575,-0.074,0.18966666666666665,0.2722,0.3,0.22279999999999997,1.4958571428571428,1.52175,1.1740000000000002,0.6991666666666667,0.5816,0.5436666666666666,0.64,1.2532857142857143,1.2342499999999998,0.8943333333333333,0.412,0.3136,0.285,0.3564,-0.636,-0.6456666666666667,-0.6325000000000001,-0.625,-0.6386666666666666,-0.64025,-0.639
AGC_046,7.92,3.0,ENTRENAMIENTO,,0.17952380952380953,0.1673888888888889,0.22387500000000002,0.5011,0.7492352941176471,0.6863076923076924,0.4590666666666667,0.11304761904761905,0.1103888888888889,0.137125,0.3375,0.5291176470588236,0.4226923076923077,0.23846666666666666,0.5782857142857143,0.5699444444444445,0.766125,1.6286,2.6667058823529413,2.2633846153846156,1.4309333333333332,-0.1305714285714286,-0.13699999999999998,-0.109,0.14683333333333334,0.3087142857142857,0.29300000000000004,0.09083333333333334,1.3011428571428572,1.3195000000000001,1.2465,0.7568333333333334,0.534,0.5508,0.8498333333333333,1.1757142857142857,1.1875,1.1165,0.5165000000000001,0.2968571428571428,0.2904,0.5003333333333333,-0.61875,-0.617,-0.584,-0.625,-0.6265000000000001,-0.624,-0.633
AGC_047,64.3,4.45,ENTRENAMIENTO,,0.2103913043478261,0.20672222222222222,0.26955555555555555,0.5495555555555556,0.7238823529411764,0.7349166666666668,0.5825833333333333,0.13256521739130434,0.13211111111111112,0.16611111111111113,0.376,0.49917647058823533,0.5026666666666667,0.34791666666666665,0.7499565217391304,0.7872222222222223,0.963,1.7704444444444445,2.6225882352941174,2.625833333333333,1.95475,-0.208375,-0.20133333333333334,-0.14733333333333334,0.13066666666666668,0.24314285714285713,0.32,0.1714,1.5282499999999999,1.5131666666666668,1.358666666666667,0.7938333333333333,0.6255714285714286,0.51975,0.719,1.3283749999999999,1.2773333333333332,1.0959999999999999,0.4713333333333333,0.3538571428571428,0.261,0.4122,-0.6345000000000001,-0.62325,-0.607,-0.6186666666666666,-0.6425000000000001,-0.6463333333333333,-0.6373333333333333
AGC_048,8.29,2.5,ENTRENAMIENTO,,0.21835294117647058,0.19925,0.309125,0.4304545454545455,0.6587777777777778,0.76275,0.6039230769230769,0.13505882352941176,0.12225,0.1795,0.2550909090909091,0.4554444444444445,0.5315,0.34607692307692306,0.7207058823529411,0.7186875,1.119875,1.5283636363636364,2.450944444444444,2.881,2.087,-0.1355,-0.1182,-0.06433333333333334,0.06133333333333333,0.22828571428571426,0.3631666666666667,0.23042857142857143,1.3195,1.2833999999999999,1.1556666666666666,0.9106666666666667,0.6537142857142857,0.47500000000000003,0.6384285714285713,1.111875,1.0606,0.9583333333333334,0.6805,0.41957142857142854,0.25366666666666665,0.355,-0.62575,-0.6216666666666667,-0.61,-0.6256666666666667,-0.62625,-0.6323333333333333,-0.644
AGC_049,0.87,5.53,ENTRENAMIENTO,,0.22576000000000002,0.22172222222222224,0.32316666666666666,0.41,0.54455,0.6888333333333333,0.6746000000000001,0.14248,0.1451111111111111,0.21350000000000002,0.2384,0.34895,0.46449999999999997,0.3867,0.73536,0.7750555555555556,1.0276666666666667,1.3740999999999999,1.916,2.4290000000000003,2.1906,-0.064,-0.09625,-0.01475,0.05933333333333334,0.1175,0.253,0.247,1.145,1.21425,1.03375,0.8986666666666666,0.802,0.599,0.60775,0.9418571428571428,0.993,0.79475,0.6395000000000001,0.5443333333333333,0.332,0.33625,-0.619,-0.6138333333333333,-0.597,-0.622,-0.6335,-0.639,-0.648
AGC_050,2.42,,PREDICCION,,0.2173181818181818,0.20385714285714288,0.27145454545454545,0.6861538461538461,0.796,0.5597777777777778,0.4190625,0.13395454545454547,0.13592857142857143,0.16845454545454544,0.49923076923076926,0.6056153846153847,0.3277777777777778,0.2125625,0.7251363636363636,0.7222142857142858,0.9744545454545456,2.4452307692307693,2.993153846153846,1.9357777777777778,1.423125,-0.126125,-0.12633333333333333,-0.09699999999999999,0.2578333333333333,0.38599999999999995,0.23233333333333336,0.009400000000000002,1.294,1.2975,1.2206666666666666,0.6065,0.44650000000000006,0.632,0.9914,1.0935000000000001,1.0621666666666665,1.051,0.3738333333333333,0.23083333333333333,0.36433333333333334,0.612,-0.62175,-0.612,-0.589,-0.6355,-0.64025,-0.616,-0.634
AGC_051,11.12,4.45,ENTRENAMIENTO,,0.229,0.227,0.41275,0.6963636363636364,0.7198666666666667,0.6215384615384616,0.5196428571428572,0.12955,0.135,0.253,0.5005454545454545,0.43,0.4066923076923077,0.28785714285714287,0.75605,0.8040499999999999,1.3363749999999999,2.327545454545455,2.5437999999999996,2.1193076923076926,1.7645714285714287,-0.15175,-0.13966666666666666,0.0012500000000000011,0.2578,0.29700000000000004,0.22825,0.10783333333333334,1.371,1.3445,1.0075,0.6,0.5511428571428572,0.63375,0.8151666666666667,1.17125,1.1121666666666667,0.73275,0.32999999999999996,0.30342857142857144,0.37424999999999997,0.4651666666666667,-0.6405000000000001,-0.62725,-0.635,-0.628,-0.641,-0.6173333333333333,-0.633
AGC_052,6.23,,PREDICCION,,0.2165,0.21221428571428572,0.24914285714285714,0.6839999999999999,0.7545714285714286,0.637909090909091,0.4839166666666667,0.13525,0.137,0.12928571428571428,0.43,0.5090714285714285,0.4289090909090909,0.2605,0.7111666666666667,0.7395714285714285,0.8504285714285714,2.23925,2.7316428571428575,2.2381818181818183,1.6449999999999998,-0.125875,-0.11480000000000001,-0.07425,0.2658,0.2915,0.24325,0.062,1.29875,1.2658,1.1695,0.5932000000000001,0.5533333333333333,0.61625,0.8917999999999999,1.12,1.0204,0.923,0.3564,0.29783333333333334,0.34875,0.515,-0.62875,-0.617,-0.6295,-0.637,-0.64425,-0.637,-0.639
AGC_053,8.54,3.5,ENTRENAMIENTO,,0.202,0.1945,0.3063,0.3829,0.44723529411764706,0.6158666666666667,0.5919375,0.12350000000000001,0.1179375,0.1599,0.2246,0.27,0.39313333333333333,0.3335,0.666,0.7003125,1.0476,1.2643,1.5755294117647058,2.206866666666667,1.9990625,-0.161,-0.1682,-0.050666666666666665,-0.005999999999999997,-0.001999999999999998,0.2476,0.17157142857142857,1.386375,1.408,1.122,1.0356,1.0305714285714287,0.6083999999999999,0.7157142857142856,1.245875,1.2428000000000001,0.9136666666666667,0.8009999999999999,0.8085714285714286,0.3548,0.4371428571428571,-0.62025,-0.632,-0.629,-0.6305000000000001,-0.63625,-0.637,-0.634
AGC_054,2.01,2.5,ENTRENAMIENTO,,0.18566666666666667,0.1773157894736842,0.2520909090909091,0.524,0.6539444444444444,0.608125,0.46326666666666666,0.11683333333333334,0.11036842105263157,0.148,0.3708,0.42500000000000004,0.3541875,0.24739999999999998,0.5937777777777778,0.6303684210526316,0.8582727272727272,1.7059000000000002,2.3034444444444446,2.0818125,1.5440666666666667,-0.116875,-0.1024,-0.078,0.2001666666666667,0.21871428571428572,0.2204,0.08533333333333333,1.266875,1.2386,1.1724999999999999,0.676,0.6442857142857142,0.6442,0.8608333333333333,1.1356249999999999,1.0746,1.0295,0.44049999999999995,0.3995714285714286,0.37960000000000005,0.5448333333333334,-0.62,-0.625,-0.599,-0.6183333333333333,-0.62775,-0.626,-0.633
AGC_055,1.37,5.45,ENTRENAMIENTO,,0.25736363636363635,0.24126666666666666,0.3245,0.585625,0.6063888888888889,0.6453333333333333,0.6185,0.15095454545454545,0.146,0.20525,0.435,0.40166666666666667,0.44555555555555554,0.372375,0.8540454545454547,0.8553333333333334,1.0667499999999999,1.97875,2.0610555555555554,2.259333333333333,2.0255,-0.155625,-0.17125,-0.03866666666666667,0.132,0.17057142857142857,0.249,0.16720000000000002,1.377375,1.4184999999999999,1.0906666666666667,0.7936666666666667,0.7248571428571429,0.61325,0.7312000000000001,1.0995,1.12675,0.8119999999999999,0.5221666666666667,0.45642857142857146,0.35375,0.4382,-0.634875,-0.6294000000000001,-0.6205,-0.622,-0.6327142857142858,-0.6333333333333333,-0.639
AGC_056,3.65,5.07,ENTRENAMIENTO,,0.18847999999999998,0.191,0.2562,0.4422857142857143,0.5596875,0.6584285714285715,0.54575,0.12408,0.13214285714285715,0.1786,0.2844285714285714,0.3634375,0.4188571428571429,0.3125,0.6091599999999999,0.6663571428571429,0.8587999999999999,1.364142857142857,1.931875,2.3801428571428573,1.76325,-0.121375,-0.15025,-0.06666666666666667,-0.0335,0.101,0.2585,0.20800000000000002,1.2915,1.357,1.147,1.0881666666666667,0.8295999999999999,0.5974999999999999,0.66725,1.12,1.169,0.9096666666666667,0.8321666666666667,0.5682,0.3375,0.40900000000000003,-0.606125,-0.5992,-0.5894999999999999,-0.60575,-0.6178571428571429,-0.6305000000000001,-0.628
AGC_057,0.63,4.55,ENTRENAMIENTO,,0.22187500000000002,0.21716666666666665,0.26933333333333337,0.3790909090909091,0.5015625,0.6246,0.5584,0.14083333333333334,0.14127777777777778,0.17833333333333332,0.2442727272727273,0.33318749999999997,0.43709999999999993,0.3518,0.7108333333333333,0.7669444444444444,0.8876666666666667,1.3025454545454545,1.7765625,2.2853000000000003,1.857,-0.053,-0.057,-0.015666666666666666,0.056999999999999995,0.13466666666666668,0.27849999999999997,0.2235,1.117875,1.12625,1.0386666666666666,0.9006666666666666,0.7718333333333334,0.5705,0.64,0.9117500000000001,0.898,0.7873333333333333,0.6498333333333334,0.5293333333333333,0.33575,0.387,-0.618,-0.6056,-0.611,-0.613,-0.6335,-0.639,-0.628
AGC_058,7.7,2.5,ENTRENAMIENTO,,0.20395,0.19,0.2667,0.3523333333333334,0.6594375,0.7085294117647059,0.5992941176470589,0.13069999999999998,0.12511764705882356,0.1494,0.22433333333333336,0.456375,0.4493529411764706,0.3362941176470588,0.6789,0.6824705882352942,0.9289999999999999,1.1847777777777777,2.4156875,2.632,2.053235294117647,-0.167875,-0.1698,-0.0675,0.011999999999999999,0.16716666666666666,0.29379999999999995,0.1698333333333333,1.40625,1.4128,1.16025,0.9921666666666665,0.7251666666666666,0.548,0.7338333333333334,1.203875,1.2044000000000001,0.9557499999999999,0.7565,0.474,0.2932,0.43133333333333335,-0.62,-0.619,-0.62,-0.611,-0.62625,-0.632,-0.6395
AGC_059,19.53,4.41,ENTRENAMIENTO,,0.22775,0.2241875,0.3321428571428572,0.7504444444444444,0.7941578947368422,0.6657272727272727,0.5893846153846154,0.133,0.13575,0.19414285714285714,0.5005555555555555,0.5521052631578948,0.43536363636363634,0.3103076923076923,0.7783333333333333,0.8085625,1.084857142857143,2.293,2.545684210526316,2.1217272727272727,1.7473846153846155,-0.158875,-0.1454,-0.045000000000000005,0.32516666666666666,0.3814285714285714,0.306,0.145,1.392125,1.3568000000000002,1.1086666666666667,0.5153333333333333,0.453,0.5372,0.759,1.148,1.0926,0.8296666666666667,0.24633333333333332,0.21071428571428572,0.2872,0.4224,-0.633,-0.6242,-0.633,-0.6273333333333334,-0.6426666666666666,-0.5965,-0.64125
AGC_060,2.34,4.52,ENTRENAMIENTO,,0.24495999999999998,0.2452222222222222,0.3156,0.47554545454545455,0.5772666666666667,0.5772,0.5681,0.13988,0.1413888888888889,0.1876,0.29,0.3556666666666667,0.3645,0.3266,0.81428,0.8587777777777778,1.0253999999999999,1.657181818181818,2.0754,2.0604,1.8588,-0.0565,-0.08975,-0.018666666666666665,0.10800000000000001,0.19783333333333333,0.18425,0.1645,1.134125,1.20125,1.0450000000000002,0.8089999999999999,0.6778333333333334,0.694,0.7215,0.9145,0.961,0.767,0.529,0.4141666666666666,0.427,0.4405,-0.6434,-0.63425,-0.624,-0.6126666666666667,-0.648,-0.646,-0.645
AGC_061,7.23,,PREDICCION,,0.2060952380952381,0.19570588235294117,0.29227272727272724,0.412,0.7192666666666666,0.6607999999999999,0.5276428571428571,0.13471428571428573,0.13129411764705884,0.19654545454545455,0.249,0.47786666666666666,0.40893333333333337,0.2935,0.6571904761904762,0.6547647058823529,0.9780000000000001,1.4346666666666668,2.4326000000000003,2.3012666666666663,1.7349285714285716,-0.07175000000000001,-0.0666,-0.027999999999999997,0.09040000000000001,0.3032857142857143,0.3345,0.195,1.1600000000000001,1.1492,1.065,0.8508000000000001,0.5397142857142857,0.5053333333333333,0.686,0.9615,0.9296,0.8585,0.6222,0.31057142857142855,0.2831666666666666,0.4138,-0.60875,-0.591,-0.588,-0.6383333333333333,-0.631,-0.6415,-0.6345000000000001
AGC_062,2.0,3.81,ENTRENAMIENTO,,0.20152,0.20088235294117648,0.279375,0.44625000000000004,0.49857894736842107,0.5424166666666667,0.5294000000000001,0.13104,0.1254705882352941,0.186375,0.309375,0.30694736842105264,0.32575,0.2904,0.66908,0.7203529411764706,0.90525,1.355625,1.6769473684210527,1.7691666666666668,1.6225,-0.1575,-0.131,-0.017666666666666664,0.2666,0.20042857142857143,0.23775000000000002,0.17766666666666667,1.37525,1.3077999999999999,1.057,0.5976,0.6855714285714285,0.628,0.7133333333333334,1.21125,1.067,0.823,0.3788,0.43971428571428567,0.37425,0.4116666666666666,-0.62175,-0.6165,-0.599,-0.5874999999999999,-0.63275,-0.623,-0.635
AGC_063,12.54,,PREDICCION,,0.22436,0.22805882352941176,0.32342857142857145,0.5860000000000001,0.4600555555555556,0.6423333333333333,0.7214,0.15072,0.152,0.178,0.374125,0.24966666666666665,0.40458333333333335,0.4356,0.7973600000000001,0.8604117647058824,1.1237142857142857,1.76875,1.6026111111111112,2.1471666666666667,2.4503,-0.204875,-0.19519999999999998,-0.07325000000000001,0.144,-0.024571428571428574,0.17725000000000002,0.27016666666666667,1.52125,1.4886,1.17725,0.7869999999999999,1.0879999999999999,0.716,0.5903333333333333,1.337,1.2356,0.8965000000000001,0.5228333333333334,0.785142857142857,0.428,0.3358333333333334,-0.62525,-0.625,-0.631,-0.6214999999999999,-0.65175,-0.6573333333333333,-0.648
AGC_064,2.45,4.51,ENTRENAMIENTO,,0.2625217391304348,0.244,0.2695,0.5566,0.6592142857142858,0.6314444444444445,0.5139166666666667,0.1513913043478261,0.14728571428571427,0.16166666666666665,0.3734,0.4327857142857143,0.4218888888888889,0.27216666666666667,0.872695652173913,0.8469285714285714,0.8996666666666666,1.8076,2.318357142857143,2.189888888888889,1.6596666666666666,-0.1187142857142857,-0.1,-0.0555,0.19816666666666669,0.243,0.18866666666666668,0.064,1.2741428571428572,1.2292,1.12525,0.6868333333333334,0.6243333333333333,0.6993333333333333,0.8882,1.0082857142857142,0.9266,0.865,0.4303333333333333,0.3655,0.40633333333333327,0.5448000000000001,-0.637,-0.6246666666666667,-0.638,-0.641,-0.642,-0.645,-0.6416666666666667
AGC_065,60.88,,PREDICCION,,0.257,0.27129411764705885,0.4907,0.7655454545454545,0.7945555555555556,0.628357142857143,0.5143846153846154,0.1355,0.13711764705882354,0.2952,0.5841818181818182,0.5318888888888889,0.39978571428571424,0.28415384615384615,0.88,0.9968235294117646,1.6675,2.6465454545454548,2.820555555555556,2.1630714285714285,1.7041538461538461,-0.1565,-0.1605,0.0155,0.36316666666666664,0.3727142857142857,0.2965,0.12483333333333334,1.38525,1.3966666666666667,0.97675,0.4721666666666667,0.464,0.54975,0.7995,1.1945000000000001,1.188,0.70475,0.23183333333333334,0.2374285714285714,0.29574999999999996,0.4651666666666667,-0.661,-0.6386666666666666,-0.643,-0.6323333333333333,-0.64625,-0.611,-0.6265000000000001
AGC_066,7.15,3.0,ENTRENAMIENTO,,0.19914285714285715,0.18105,0.27799999999999997,0.45225,0.4592352941176471,0.6071875,0.5013333333333334,0.13071428571428573,0.12545,0.1768,0.29325,0.2941764705882353,0.403,0.2887222222222222,0.6539047619047619,0.6527499999999999,0.9812,1.509625,1.6089411764705883,2.0585625,1.6510555555555557,-0.153125,-0.171,-0.09699999999999999,-0.007199999999999998,0.023714285714285712,0.22879999999999998,0.10585714285714286,1.364125,1.4153333333333336,1.2266666666666666,1.049,0.9828571428571429,0.638,0.8292857142857143,1.1095000000000002,1.1581666666666666,0.9886666666666666,0.8054,0.7184285714285714,0.3958,0.5479999999999999,-0.6174999999999999,-0.623,-0.601,-0.6255,-0.62775,-0.6353333333333334,-0.64
AGC_067,1.53,3.0,ENTRENAMIENTO,,0.26735000000000003,0.2287142857142857,0.3061428571428571,0.582,0.7804615384615385,0.727,0.467,0.1409,0.12078571428571429,0.16199999999999998,0.26885714285714285,0.4736153846153846,0.5456000000000001,0.25677777777777777,0.95375,0.8912857142857142,1.135142857142857,1.966,2.760153846153846,2.464,1.4993333333333334,-0.186875,-0.268,-0.21833333333333335,0.03319999999999999,0.3194285714285714,0.3476,0.10600000000000001,1.51675,1.7385000000000002,1.5813333333333333,0.9843999999999999,0.526,0.4932,0.8186,1.240625,1.4665,1.2373333333333334,0.6338,0.27814285714285714,0.26480000000000004,0.4904,-0.65375,-0.654,-0.65,-0.646,-0.6445000000000001,0.0,-0.631
AGC_068,3.1,2.5,ENTRENAMIENTO,,0.21185,0.19895000000000002,0.3189,0.46240000000000003,0.5576111111111111,0.7595000000000001,0.6558333333333333,0.12655,0.12475,0.18719999999999998,0.3093,0.3656111111111111,0.5617142857142857,0.399,0.7057,0.72765,1.0998999999999999,1.6098,1.9824444444444442,2.7239285714285715,2.253222222222222,-0.178,-0.168,-0.08566666666666667,0.002199999999999999,0.06871428571428571,0.347,0.2641428571428571,1.4355714285714285,1.4171666666666667,1.2013333333333334,1.0378,0.9101428571428573,0.4876666666666667,0.5958571428571429,1.228,1.1935,0.9973333333333333,0.7933999999999999,0.6498571428571429,0.26933333333333337,0.3362857142857143,-0.6345000000000001,-0.6355,-0.606,-0.6345000000000001,-0.6373333333333333,-0.6625000000000001,-0.6465000000000001
AGC_069,0.38,5.46,ENTRENAMIENTO,,0.2503076923076923,0.233,0.30216666666666664,0.4712727272727273,0.6069444444444445,0.6751538461538461,0.6645555555555556,0.1498076923076923,0.14735,0.19383333333333333,0.28845454545454546,0.36983333333333335,0.47484615384615386,0.42477777777777775,0.8691923076923077,0.8403,1.0405,1.6987272727272726,2.346888888888889,2.574923076923077,2.297111111111111,-0.18485714285714286,-0.188,-0.08733333333333333,0.02916666666666667,0.15385714285714286,0.274,0.22560000000000002,1.4588571428571429,1.4675,1.1996666666666667,0.9546666666666667,0.744,0.5726666666666667,0.642,1.2755714285714286,1.26975,0.9353333333333333,0.6836666666666668,0.47657142857142853,0.3,0.36619999999999997,-0.6275000000000001,-0.6195999999999999,-0.609,-0.614,-0.63625,-0.64,-0.633
AGC_070,20.83,3.3,ENTRENAMIENTO,,0.24655,0.2240909090909091,0.272875,0.412,0.6260666666666667,0.718,0.6465,0.13375,0.1210909090909091,0.14300000000000002,0.2372857142857143,0.3859333333333333,0.4595,0.37116666666666664,0.7984,0.7727272727272727,0.938,1.3499999999999999,2.2176666666666667,2.632125,2.2470833333333333,-0.060000000000000005,-0.0372,0.006999999999999998,0.087,0.21628571428571428,0.3684,0.24050000000000002,1.1320000000000001,1.09,0.99625,0.8564,0.6625714285714286,0.4688,0.6221666666666666,0.9495714285714285,0.8872,0.8,0.6496000000000001,0.43571428571428567,0.23760000000000003,0.353,-0.653,-0.6426666666666666,-0.633,-0.652,-0.6473333333333334,-0.654,-0.6523333333333333
AGC_071,5.21,,PREDICCION,,0.20675,0.1968235294117647,0.3060909090909091,0.49610000000000004,0.6012352941176471,0.6969333333333334,0.5800588235294118,0.1302,0.12170588235294118,0.16436363636363638,0.3113,0.3952941176470588,0.438,0.31211764705882356,0.6959,0.7124705882352941,1.069181818181818,1.5932,2.1271176470588236,2.4902666666666664,1.9318235294117647,-0.168,-0.1714,-0.081,0.1016,0.11171428571428572,0.2524,0.17166666666666666,1.4065,1.417,1.1856666666666666,0.8346,0.820857142857143,0.5997999999999999,0.7323333333333334,1.21025,1.2058,0.9473333333333334,0.5818000000000001,0.5524285714285714,0.325,0.42366666666666664,-0.62375,-0.6253333333333333,-0.633,-0.625,-0.62425,-0.652,-0.642
AGC_072,4.38,4.55,ENTRENAMIENTO,,0.18036000000000002,0.16905263157894737,0.27166666666666667,0.5667272727272727,0.632842105263158,0.800125,0.7463636363636365,0.1202,0.11647368421052633,0.17400000000000002,0.34654545454545455,0.40842105263157896,0.57125,0.4780909090909091,0.5670000000000001,0.5798947368421054,0.8781666666666667,1.8654545454545455,2.3895789473684212,3.148625,2.53,-0.118,-0.1395,-0.051500000000000004,0.16983333333333336,0.26866666666666666,0.403,0.34850000000000003,1.275875,1.325,1.115,0.7158333333333333,0.5945,0.4423333333333333,0.49624999999999997,1.128125,1.17125,0.9052500000000001,0.4663333333333333,0.3746666666666667,0.249,0.263,-0.604,-0.5875,-0.5954999999999999,-0.6226666666666666,-0.6453333333333333,-0.648,-0.6423333333333333
AGC_073,2.05,4.3,ENTRENAMIENTO,,0.19588,0.19744444444444445,0.257,0.445125,0.5215882352941177,0.5396666666666666,0.5298181818181819,0.128,0.12661111111111112,0.16575,0.28525,0.3078823529411765,0.3358333333333334,0.28963636363636364,0.6558799999999999,0.7173888888888889,0.7737499999999999,1.26725,1.656294117647059,1.6715,1.5735454545454546,-0.17025,-0.1432,0.0385,0.26066666666666666,0.238,0.2896666666666667,0.21233333333333335,1.412,1.345,0.9460000000000001,0.6076666666666667,0.6328571428571428,0.5663333333333334,0.6676666666666667,1.2546249999999999,1.125,0.712,0.37966666666666665,0.3812857142857143,0.312,0.377,-0.62,-0.62,-0.583,-0.588,-0.63225,-0.638,-0.634
AGC_074,8.54,2.5,ENTRENAMIENTO,,0.21204347826086956,0.19092307692307692,0.22528571428571428,0.4174545454545455,0.8301999999999999,0.7866666666666666,0.49491666666666667,0.13721739130434782,0.13392307692307692,0.15471428571428572,0.2318181818181818,0.6743333333333333,0.541,0.26808333333333334,0.6937826086956522,0.6716153846153846,0.787,1.4605454545454544,3.022066666666667,2.8818333333333332,1.73825,-0.09625,-0.0998,-0.079,0.041400000000000006,0.39914285714285713,0.448,0.1884,1.217625,1.2268000000000001,1.1785,0.9433999999999999,0.43685714285714283,0.384,0.6908,1.003375,0.9954000000000001,0.947,0.6932,0.21714285714285714,0.192,0.3894,-0.60975,-0.589,-0.598,-0.6406666666666667,-0.6275,-0.647,-0.63
AGC_075,3.9,,PREDICCION,,0.21685,0.20275,0.3242,0.6082222222222222,0.6234736842105263,0.5835625,0.4525263157894737,0.1319,0.127,0.2133,0.436,0.38726315789473686,0.356875,0.2578947368421053,0.73795,0.726125,1.0999,2.0735555555555556,2.2647368421052634,2.0253125,1.5396315789473685,-0.16625,-0.17074999999999999,-0.07566666666666666,0.20666666666666667,0.1757142857142857,0.22959999999999997,0.06914285714285714,1.400375,1.4135,1.171,0.669,0.7062857142857143,0.6332000000000001,0.8874285714285713,1.256875,1.25125,1.0103333333333333,0.42933333333333334,0.463,0.3846,0.5467142857142857,-0.63375,-0.6373333333333333,-0.6,-0.634,-0.6493333333333333,-0.6405000000000001,-0.6295
AGC_076,1.01,,PREDICCION,,0.22591999999999998,0.226,0.35214285714285715,0.6112857142857143,0.4825625,0.6807000000000001,0.7403333333333334,0.138,0.14125,0.21185714285714288,0.38899999999999996,0.2923125,0.44939999999999997,0.4856666666666667,0.7739199999999999,0.809625,1.119,1.832857142857143,1.6953749999999999,2.3678999999999997,2.567833333333333,-0.16575,-0.17099999999999999,-0.04933333333333333,0.1335,0.05728571428571429,0.27266666666666667,0.3298,1.400125,1.41475,1.1163333333333334,0.7781666666666668,0.913,0.5790000000000001,0.5172000000000001,1.14,1.144,0.807,0.48950000000000005,0.6222857142857142,0.308,0.2956,-0.6335,-0.6255,-0.63,-0.613,-0.64725,-0.6525000000000001,-0.662
AGC_077,6.08,4.76,ENTRENAMIENTO,,0.19546153846153846,0.1866,0.2476,0.3905,0.5597692307692308,0.6513636363636364,0.6444166666666667,0.12457692307692307,0.12040000000000001,0.16360000000000002,0.2374,0.3515384615384616,0.43763636363636366,0.38008333333333333,0.6478846153846154,0.6369333333333334,0.8058,1.3227,2.051923076923077,2.443363636363636,2.138333333333333,-0.15542857142857144,-0.16975,-0.06475,0.028,0.13279999999999997,0.265,0.263,1.3780000000000001,1.4115,1.1545,0.9616666666666668,0.7846,0.597,0.5991666666666666,1.216,1.22675,0.9307500000000001,0.7040000000000001,0.5566,0.37799999999999995,0.3665,-0.617,-0.6076666666666667,-0.591,-0.6093333333333333,-0.63675,-0.6353333333333334,-0.642
AGC_078,2.3,3.0,ENTRENAMIENTO,,0.20510526315789476,0.18728571428571428,0.227,0.37457142857142856,0.7412666666666666,0.6859999999999999,0.49755555555555553,0.10689473684210526,0.10692857142857144,0.125,0.195,0.5074666666666666,0.502,0.24788888888888888,0.6370526315789473,0.6492142857142857,0.766,1.287857142857143,2.6121333333333334,2.50025,1.6841111111111111,-0.05275,-0.06025,-0.046,0.09766666666666668,0.3025,0.39,0.16499999999999998,1.12325,1.13875,1.1007500000000001,0.8368333333333333,0.5441666666666667,0.44725000000000004,0.7234,0.90725,0.94275,0.885,0.6278333333333334,0.30233333333333334,0.2325,0.433,-0.65225,-0.652,-0.642,-0.643,-0.642,0.0,-0.639
AGC_079,18.87,3.3,ENTRENAMIENTO,,0.18540909090909088,0.17392307692307693,0.23216666666666666,0.47533333333333333,0.7280666666666666,0.6519,0.509,0.10022727272727273,0.10107692307692308,0.1115,0.26866666666666666,0.48246666666666665,0.3973,0.2652307692307692,0.5776363636363636,0.5794615384615385,0.7815,1.4516666666666669,2.622866666666667,2.3648,1.741923076923077,-0.058,-0.041999999999999996,-0.028750000000000005,0.17439999999999997,0.32071428571428573,0.3298,0.1384,1.1315,1.1007500000000001,1.069,0.7178,0.5238571428571428,0.513,0.7706,0.963375,0.9159999999999999,0.8865,0.47619999999999996,0.30542857142857144,0.2722,0.4566,-0.64075,-0.6273333333333334,-0.627,-0.657,-0.6463333333333333,-0.659,-0.6453333333333333
AGC_080,18.99,3.5,ENTRENAMIENTO,,0.21910526315789475,0.204125,0.227375,0.5554285714285714,0.8019285714285714,0.7976666666666667,0.5661111111111111,0.10547368421052632,0.1040625,0.124,0.3218571428571429,0.5240714285714285,0.5963333333333334,0.2871111111111111,0.7096842105263158,0.712375,0.8305,1.7941428571428573,2.9574285714285713,2.9606666666666666,1.9024444444444444,-0.107,-0.09179999999999999,-0.06166666666666667,0.1454,0.39233333333333337,0.48033333333333333,0.18533333333333335,1.24675,1.2138,1.146,0.772,0.44449999999999995,0.35799999999999993,0.6973333333333334,1.072,1.0016,0.9256666666666667,0.5032,0.22266666666666668,0.17633333333333334,0.38366666666666666,-0.6595,-0.655,-0.6375,0.0,-0.6463333333333333,-0.615,-0.632
AGC_081,3.28,3.7,ENTRENAMIENTO,,0.23054545454545455,0.20625000000000002,0.23,0.4518,0.7758333333333334,0.6544000000000001,0.5633333333333334,0.12386363636363637,0.11966666666666666,0.1315,0.205,0.5265,0.39540000000000003,0.29577777777777775,0.7584090909090908,0.698,0.77325,1.5033999999999998,2.9175833333333334,2.3146,1.8743333333333334,-0.1185,-0.138,-0.095,0.118,0.30833333333333335,0.28280000000000005,0.11979999999999999,1.279,1.3215,1.218,0.8071666666666667,0.536,0.5768,0.8326,1.117875,1.1355,0.99225,0.547,0.2865,0.3476,0.5432,-0.64725,-0.635,-0.636,-0.661,-0.651,-0.6405000000000001,-0.6503333333333333
AGC_082,2.77,,PREDICCION,,0.21754166666666666,0.213,0.3448571428571428,0.6204000000000001,0.6977777777777778,0.6072,0.5194615384615384,0.13520833333333335,0.14229411764705882,0.2198571428571429,0.38570000000000004,0.4137777777777778,0.3573,0.2753076923076923,0.7123750000000001,0.7431176470588234,1.1187142857142856,1.9218,2.1875555555555555,1.9007999999999998,1.5882307692307691,-0.121375,-0.1186,-0.041,0.23666666666666666,0.26885714285714285,0.21050000000000002,0.0788,1.287,1.2782,1.094,0.625,0.5815714285714285,0.65825,0.8573999999999999,1.029375,0.9982000000000001,0.8223333333333334,0.33616666666666667,0.30128571428571427,0.3525,0.502,-0.6302,-0.61675,-0.626,-0.6303333333333333,-0.6523333333333333,-0.6065,-0.6433333333333334
AGC_083,2.87,4.61,ENTRENAMIENTO,,0.21869230769230769,0.20735294117647057,0.2985,0.5063636363636363,0.7248,0.6605,0.4803571428571428,0.1401153846153846,0.13217647058823528,0.15033333333333335,0.3341818181818182,0.4987333333333333,0.40469999999999995,0.2865714285714286,0.7585,0.759,0.9943333333333334,1.6509090909090909,2.3579999999999997,2.1408,1.502357142857143,-0.174125,-0.1906,-0.15,0.08633333333333333,0.23428571428571426,0.216,0.0525,1.44,1.4736,1.3630000000000002,0.858,0.6308571428571429,0.65225,0.905,1.207125,1.1852,1.0726666666666667,0.5328333333333334,0.3694285714285715,0.33175,0.505,-0.6285000000000001,-0.6225,-0.626,-0.6395,-0.642,-0.6285000000000001,-0.636
AGC_084,12.42,4.54,ENTRENAMIENTO,,0.26908333333333334,0.265125,0.3667777777777778,0.5894999999999999,0.52165,0.7187272727272727,0.7213076923076923,0.16166666666666665,0.16625,0.21977777777777777,0.357,0.30705,0.4894545454545455,0.4719230769230769,0.9005000000000001,0.9433125,1.242,1.9022,1.8236999999999999,2.5315454545454545,2.5399230769230767,-0.134,-0.14479999999999998,-0.04425,0.14033333333333334,0.05771428571428572,0.28925,0.28625,1.323625,1.3472,1.10625,0.7679999999999999,0.9182857142857143,0.569,0.58375,1.031625,1.0502,0.79425,0.4496666666666667,0.6035714285714285,0.29900000000000004,0.323,-0.638,-0.629,-0.622,-0.6246666666666667,-0.6423333333333333,-0.605,-0.6413333333333333
AGC_085,5.5,,PREDICCION,,0.1736923076923077,0.18573333333333333,0.2966666666666667,0.5218333333333333,0.5837777777777777,0.5940769230769231,0.4769,0.12346153846153846,0.12613333333333332,0.2038333333333333,0.3473333333333333,0.34755555555555556,0.35400000000000004,0.2676,0.5620769230769231,0.6385333333333333,0.9328333333333333,1.7017499999999999,2.041777777777778,2.030153846153846,1.5103,-0.14575,-0.14575,-0.042666666666666665,0.0962,0.1737142857142857,0.2246,0.06025,1.3447500000000001,1.3455,1.1026666666666667,0.8333999999999999,0.7178571428571429,0.6402,0.90025,1.225125,1.1955,0.8783333333333333,0.5572,0.46414285714285713,0.366,0.565,-0.5936666666666667,-0.6165,-0.601,-0.6073333333333334,-0.64675,-0.6193333333333334,-0.6253333333333333
AGC_086,4.73,,PREDICCION,,0.2083,0.20178947368421052,0.30544444444444446,0.383,0.4858421052631579,0.6941875,0.6313888888888889,0.1233,0.12342105263157896,0.15044444444444446,0.22533333333333333,0.30873684210526314,0.4603125,0.3596111111111111,0.7057,0.7258947368421053,1.0590000000000002,1.3026666666666666,1.7239473684210527,2.5019375,2.0818333333333334,-0.178625,-0.16216666666666665,-0.09466666666666668,-0.029000000000000005,0.01642857142857143,0.2958,0.22833333333333336,1.435875,1.3928333333333331,1.2136666666666667,1.0936,0.9998571428571428,0.5478,0.6385,1.280625,1.1993333333333334,0.9826666666666667,0.8792,0.7594285714285715,0.2988,0.3638333333333333,-0.6375,-0.643,-0.641,-0.639,-0.625,-0.651,-0.646
AGC_087,5.66,,PREDICCION,,0.18466666666666667,0.17805263157894738,0.2411818181818182,0.5465,0.6642222222222222,0.6023333333333334,0.43173333333333336,0.11666666666666667,0.10857894736842107,0.14154545454545453,0.3942,0.4212777777777778,0.3644,0.21513333333333332,0.5953333333333333,0.6462631578947369,0.8293636363636364,1.8065000000000002,2.357666666666667,2.0306,1.4305999999999999,-0.13675,-0.11316666666666668,-0.109,0.20166666666666666,0.236,0.20339999999999997,0.03833333333333334,1.317875,1.2655,1.2469999999999999,0.6761666666666667,0.6232857142857142,0.6676,0.9398333333333334,1.21025,1.1033333333333333,1.119,0.4391666666666667,0.37685714285714284,0.41,0.6038333333333333,-0.6194999999999999,-0.6296666666666667,-0.603,-0.6173333333333333,-0.62775,-0.6225,-0.636
AGC_088,5.91,,PREDICCION,,0.17468,0.16522222222222224,0.27640000000000003,0.5707142857142857,0.6697368421052632,0.74025,0.6716,0.11380000000000001,0.12122222222222222,0.1624,0.3645714285714286,0.4369473684210526,0.48712500000000003,0.39780000000000004,0.537,0.5525,0.8838000000000001,1.8487142857142858,2.4568947368421052,2.7603750000000002,2.1794000000000002,-0.109,-0.1225,-0.04466666666666667,0.19466666666666668,0.3068,0.36375,0.26539999999999997,1.25475,1.28125,1.103,0.6815000000000001,0.541,0.47075,0.5880000000000001,1.1052499999999998,1.103,0.8956666666666666,0.4093333333333333,0.3088,0.27075,0.3396,-0.6021428571428571,-0.5943333333333333,-0.603,-0.627,-0.645,-0.6323333333333333,-0.643
AGC_089,1.72,3.0,ENTRENAMIENTO,,0.21247368421052631,0.19042857142857142,0.2192857142857143,0.6232,0.7775833333333333,0.5887,0.3646,0.11557894736842106,0.10778571428571428,0.11714285714285713,0.3774,0.52025,0.40800000000000003,0.19219999999999998,0.6883157894736842,0.6701428571428572,0.7964285714285715,1.9776,2.7567500000000003,2.0149999999999997,1.2245000000000001,-0.09457142857142857,-0.1345,-0.085,0.21283333333333332,0.4023333333333334,0.29675,0.0354,1.2248571428571429,1.312,1.19,0.6621666666666667,0.42883333333333334,0.54975,0.9418,1.0555714285714284,1.146,0.9737500000000001,0.42483333333333334,0.21966666666666668,0.29025,0.5810000000000001,-0.648,-0.65,-0.641,-0.623,-0.6433333333333334,-0.653,-0.624
AGC_090,10.98,4.68,ENTRENAMIENTO,,0.2231923076923077,0.231625,0.353125,0.511125,0.6714210526315789,0.7125454545454546,0.5814285714285715,0.1361153846153846,0.14200000000000002,0.21375,0.34475,0.4475263157894737,0.49599999999999994,0.3445714285714286,0.7784615384615384,0.8475,1.173875,1.6403750000000001,2.335157894736842,2.4125454545454548,1.8846428571428573,-0.204375,-0.1876,-0.0565,0.12116666666666666,0.20199999999999999,0.25525,0.1688333333333333,1.516875,1.465,1.125,0.8016666666666666,0.681,0.6020000000000001,0.7198333333333333,1.271,1.1562000000000001,0.844,0.5188333333333334,0.399,0.34675,0.41650000000000004,-0.634,-0.645,-0.621,-0.618,-0.633,-0.6306666666666666,-0.6345000000000001
AGC_091,0.35,,PREDICCION,,0.23303846153846156,0.22772222222222224,0.3539999999999999,0.4488888888888889,0.5971666666666667,0.7413333333333334,0.664,0.14603846153846153,0.14427777777777778,0.25633333333333336,0.30533333333333335,0.41355555555555557,0.5468888888888889,0.4466666666666666,0.7718846153846154,0.7984444444444444,1.1615,1.5548888888888888,2.1214999999999997,2.7394444444444446,2.3040000000000003,-0.10485714285714286,-0.09159999999999999,0.014666666666666666,0.1052,0.18939999999999999,0.3403333333333333,0.34199999999999997,1.2364285714285714,1.2086000000000001,0.975,0.8268000000000001,0.6946,0.4971666666666667,0.49539999999999995,1.0035714285714286,0.9404,0.7506666666666666,0.583,0.4406,0.2811666666666667,0.2636,-0.6288571428571429,-0.619,-0.598,-0.6186666666666666,-0.627,-0.646,-0.6425000000000001
AGC_092,0.5,4.57,ENTRENAMIENTO,,0.19576923076923075,0.19066666666666665,0.2833333333333333,0.3542222222222222,0.3808947368421053,0.6281666666666667,0.7320909090909091,0.1281153846153846,0.12666666666666668,0.20533333333333334,0.2368888888888889,0.2298421052631579,0.42250000000000004,0.5015454545454545,0.6334615384615384,0.6570555555555555,0.9191666666666666,1.2096666666666667,1.327421052631579,2.199,2.702363636363636,-0.10275000000000001,-0.1285,-0.035,0.04716666666666667,0.0155,0.2313333333333333,0.3196,1.23925,1.2965,1.076,0.9231666666666666,0.9816666666666666,0.6358333333333334,0.5242,1.02675,1.06375,0.8595,0.6773333333333333,0.7084999999999999,0.41100000000000003,0.3056,-0.6118571428571428,-0.6033999999999999,-0.584,-0.6063333333333333,-0.63025,-0.6214999999999999,-0.64
AGC_093,3.71,,PREDICCION,,0.21985000000000002,0.20953333333333335,0.33244444444444443,0.5744444444444444,0.6232352941176471,0.6019285714285714,0.43423529411764705,0.13495,0.129,0.20844444444444443,0.3884444444444444,0.3952941176470588,0.3630714285714286,0.24523529411764702,0.7516,0.7572,1.1231111111111112,1.9253333333333333,2.2328823529411768,2.0430714285714284,1.4596470588235295,-0.17325000000000002,-0.17725,-0.077,0.17683333333333331,0.1772857142857143,0.23759999999999998,0.05883333333333333,1.420375,1.4325,1.1746666666666667,0.7101666666666667,0.7054285714285714,0.6212,0.91,1.277,1.272,1.0096666666666667,0.46449999999999997,0.46799999999999997,0.36960000000000004,0.5546666666666666,-0.631,-0.635,-0.61,-0.6246666666666667,-0.6365000000000001,-0.643,-0.629
AGC_094,3.63,,PREDICCION,,0.213375,0.21178571428571427,0.28300000000000003,0.48,0.3758125,0.703875,0.717111111111111,0.13520833333333335,0.14042857142857143,0.1558,0.28900000000000003,0.21875,0.486375,0.4236666666666667,0.7288749999999999,0.7746428571428572,0.9722,1.471857142857143,1.338,2.38925,2.3675555555555556,-0.15912500000000002,-0.196,-0.12566666666666668,0.012666666666666665,-0.071,0.26266666666666666,0.3268,1.396375,1.49125,1.2926666666666666,1.0011666666666665,1.1886666666666665,0.5956666666666667,0.5172,1.176375,1.26475,0.9969999999999999,0.6993333333333333,0.9101666666666667,0.3176666666666667,0.2934,-0.62125,-0.6122,-0.617,-0.6275,-0.6214285714285713,-0.61525,-0.64225
AGC_095,1.33,,PREDICCION,,0.21808695652173912,0.2091,0.25116666666666665,0.509090909090909,0.6162941176470589,0.632625,0.4246,0.12982608695652176,0.13405,0.16383333333333333,0.33390909090909093,0.3825294117647059,0.382625,0.24,0.7306956521739131,0.7538,0.8341666666666666,1.6567272727272728,2.246176470588235,2.24425,1.4384000000000001,-0.155,-0.1585,-0.08066666666666666,0.1048,0.19285714285714287,0.23033333333333336,0.0975,1.36825,1.3785,1.1833333333333333,0.8194000000000001,0.6825714285714285,0.6303333333333333,0.831,1.18075,1.17875,0.9580000000000001,0.5608000000000001,0.42071428571428576,0.351,0.533,-0.6355,-0.6246666666666667,-0.606,-0.5973333333333333,-0.64375,-0.644,-0.635
AGC_096,12.87,4.59,ENTRENAMIENTO,,0.20248000000000002,0.20046666666666668,0.278,0.4254545454545454,0.5567777777777778,0.5865454545454546,0.4642307692307692,0.1188,0.12673333333333334,0.16783333333333336,0.2565454545454546,0.3507222222222222,0.34663636363636363,0.2429230769230769,0.67864,0.7228666666666667,0.9031666666666668,1.3662727272727273,1.9274444444444445,2.0613636363636365,1.5109230769230768,-0.18775,-0.1682,-0.064,0.043500000000000004,0.10328571428571429,0.17350000000000002,0.1262,1.4648750000000001,1.4154,1.1640000000000001,0.9336666666666668,0.8221428571428572,0.7142499999999999,0.795,1.235375,1.1536,0.88875,0.632,0.5215714285714286,0.41975,0.4822,-0.6335,-0.6236666666666667,-0.605,-0.6013333333333333,-0.63475,-0.6445000000000001,-0.6125
AGC_097,2.35,4.69,ENTRENAMIENTO,,0.2054,0.2030769230769231,0.26885714285714285,0.4948,0.36573684210526314,0.6706666666666666,0.6801,0.12852,0.13307692307692306,0.17857142857142858,0.3176,0.21489473684210528,0.47708333333333336,0.40590000000000004,0.66724,0.7193846153846154,0.9198571428571428,1.5426,1.2946315789473684,2.252666666666667,2.2021,-0.141375,-0.1162,-0.036750000000000005,0.06033333333333333,-0.019200000000000002,0.28883333333333333,0.322,1.334375,1.2748000000000002,1.0865,0.9136666666666667,1.062,0.5588333333333333,0.5208,1.0574999999999999,0.9964000000000001,0.8089999999999999,0.6286666666666667,0.743,0.30533333333333335,0.2838,-0.620625,-0.6068,-0.591,-0.6226666666666666,-0.6197142857142858,-0.6193333333333334,-0.63625
AGC_098,4.9,3.0,ENTRENAMIENTO,,0.22442857142857142,0.20735714285714285,0.2669,0.49699999999999994,0.5135882352941177,0.7436363636363637,0.6762857142857143,0.13223809523809524,0.12892857142857142,0.1651,0.29816666666666664,0.31641176470588234,0.5126363636363637,0.36592857142857144,0.7267619047619048,0.7223571428571428,0.9435,1.6853333333333333,1.8414705882352942,2.679818181818182,2.373,-0.096625,-0.0985,-0.073,0.0884,0.08883333333333332,0.3296,0.26466666666666666,1.2208750000000002,1.22125,1.1645,0.8538,0.8521666666666666,0.5084,0.5905,1.01,1.004,0.949,0.6032,0.623,0.26580000000000004,0.3283333333333333,-0.632,-0.62,-0.614,-0.639,-0.62175,-0.6495,-0.6575
AGC_099,1.17,3.5,ENTRENAMIENTO,,0.22533333333333333,0.2078235294117647,0.31263636363636366,0.42966666666666664,0.48366666666666663,0.6978181818181818,0.6451176470588236,0.1463809523809524,0.13476470588235293,0.18127272727272728,0.25722222222222224,0.28883333333333333,0.4904545454545454,0.38435294117647056,0.7821904761904761,0.7661176470588236,1.1107272727272728,1.4683333333333333,1.7278333333333333,2.506090909090909,2.2251764705882353,-0.174625,-0.19516666666666668,-0.123,-0.0512,-0.000999999999999999,0.2895,0.18866666666666668,1.43625,1.4896666666666667,1.2903333333333333,1.137,1.0392857142857144,0.55425,0.6934999999999999,1.24325,1.2638333333333334,1.0773333333333335,0.8802,0.798,0.29825,0.4093333333333333,-0.618,-0.617,-0.614,-0.635,-0.629,-0.632,-0.643
AGC_100,11.24,4.5,ENTRENAMIENTO,,0.22807692307692307,0.23023529411764707,0.3667142857142857,0.45587500000000003,0.6408888888888888,0.7361,0.6076153846153847,0.15123076923076922,0.1531764705882353,0.20857142857142857,0.28575,0.4275555555555555,0.5019,0.37538461538461537,0.7950384615384615,0.8444705882352941,1.211285714285714,1.489375,2.162611111111111,2.4459,1.9529230769230768,-0.192125,-0.1994,-0.064,0.069,0.14366666666666664,0.3093333333333333,0.24459999999999998,1.478375,1.4994,1.1416666666666666,0.9086666666666666,0.7961666666666667,0.5346666666666667,0.6154,1.27325,1.2352,0.8386666666666667,0.624,0.5236666666666667,0.2856666666666667,0.3428,-0.621,-0.621,-0.628,-0.6285000000000001,-0.63275,-0.63325,-0.6295
AGC_101,12.35,4.57,ENTRENAMIENTO,,0.20995999999999998,0.20650000000000002,0.2527142857142857,0.444,0.5881875,0.618,0.50175,0.12668,0.13505555555555557,0.17014285714285715,0.3147272727272727,0.3766875,0.3766666666666667,0.265,0.70856,0.7457222222222222,0.8494285714285714,1.4585454545454546,2.0305,2.1394444444444445,1.6603333333333332,-0.187,-0.1738,-0.08149999999999999,0.03233333333333333,0.1145,0.14833333333333334,0.1092,1.464,1.4304000000000001,1.192,0.9535,0.8086666666666668,0.7456666666666667,0.8124,1.221142857142857,1.1594000000000002,0.924,0.6485,0.5231666666666667,0.43,0.4998,-0.63575,-0.6183333333333333,-0.595,-0.598,-0.63375,-0.6323333333333333,-0.6376666666666667
AGC_102,12.75,4.4,ENTRENAMIENTO,,0.21762499999999999,0.20629411764705882,0.25671428571428573,0.44539999999999996,0.6278235294117647,0.6546,0.503,0.12970833333333334,0.12911764705882353,0.15885714285714286,0.3076,0.3961176470588235,0.37439999999999996,0.27566666666666667,0.7420833333333333,0.7706470588235294,0.8655714285714285,1.46,2.2073529411764703,2.2708,1.6583333333333334,-0.19985714285714287,-0.19319999999999998,-0.0875,0.034,0.14766666666666667,0.17766666666666664,0.09275,1.502857142857143,1.4856,1.20925,0.9505,0.7556666666666666,0.7013333333333334,0.8365,1.2651428571428571,1.1998,0.9410000000000001,0.6371666666666667,0.4661666666666667,0.38833333333333336,0.49675,-0.63875,-0.6233333333333334,-0.6,-0.601,-0.644,-0.647,-0.637
AGC_103,2.48,3.0,ENTRENAMIENTO,,0.20495238095238097,0.19078571428571428,0.24722222222222223,0.6692857142857144,0.7879375,0.5859166666666666,0.4311875,0.12347619047619048,0.12135714285714286,0.158,0.49807142857142855,0.571875,0.3705,0.20856249999999998,0.6747142857142857,0.6709285714285714,0.8823333333333333,2.4170000000000003,2.9753125,2.0500833333333333,1.49725,-0.12787500000000002,-0.13233333333333333,-0.02975,0.2834,0.392,0.2585,0.0545,1.2958749999999999,1.3111666666666666,1.08725,0.5794,0.44485714285714284,0.59875,0.9183333333333333,1.1125,1.09,0.9125000000000001,0.3538,0.2374285714285714,0.35125,0.5743333333333333,-0.62925,-0.6166666666666667,-0.59,-0.636,-0.6463333333333333,-0.6395,-0.64
AGC_104,3.02,4.56,ENTRENAMIENTO,,0.2005185185185185,0.20611764705882352,0.3403333333333333,0.6170000000000001,0.64585,0.6305454545454545,0.5061111111111111,0.136,0.1348235294117647,0.24316666666666667,0.44776923076923075,0.4039,0.4059090909090909,0.2808888888888889,0.6667037037037038,0.7308235294117646,1.0718333333333334,2.027769230769231,2.2873,2.1796363636363636,1.678222222222222,-0.164375,-0.16275,-0.01733333333333333,0.19283333333333333,0.20550000000000002,0.23759999999999998,0.08375,1.394625,1.3904999999999998,1.0576666666666668,0.6906666666666667,0.6685,0.6202,0.86275,1.2337500000000001,1.20375,0.8250000000000001,0.43916666666666665,0.4101666666666666,0.344,0.528,-0.6076666666666667,-0.6048,-0.594,-0.6146666666666666,-0.6415,-0.641,-0.632
AGC_105,2.99,4.41,ENTRENAMIENTO,,0.2098846153846154,0.21741176470588236,0.385,0.5313,0.634,0.6964444444444444,0.6278888888888888,0.14361538461538462,0.1416470588235294,0.187,0.3247,0.4033529411764706,0.4482222222222222,0.36566666666666664,0.7332692307692308,0.8069411764705883,1.17325,1.6194,2.127411764705882,2.440444444444444,2.057888888888889,-0.1995,-0.20575,0.03366666666666667,0.09166666666666667,0.15842857142857142,0.2465,0.15799999999999997,1.501625,1.52075,0.9643333333333334,0.8401666666666667,0.7351428571428571,0.6085,0.7322,1.341,1.32625,0.6853333333333333,0.5298333333333334,0.444,0.314,0.395,-0.6152,-0.626,-0.628,-0.615,-0.6365000000000001,-0.615,-0.64
AGC_106,6.09,4.43,ENTRENAMIENTO,,0.19023076923076923,0.1976875,0.319,0.6394,0.6305882352941177,0.6246363636363637,0.51,0.12842307692307692,0.1280625,0.20750000000000002,0.44370000000000004,0.3875882352941177,0.35127272727272724,0.2551,0.6340000000000001,0.7061875,1.0521666666666667,2.0132000000000003,2.163294117647059,2.198363636363636,1.6864000000000001,-0.147,-0.1585,-0.077,0.22333333333333336,0.23585714285714285,0.2175,0.13349999999999998,1.35225,1.3805,1.1720000000000002,0.6473333333333333,0.6294285714285713,0.651,0.7833333333333333,1.205625,1.1575,0.9490000000000001,0.40216666666666673,0.37557142857142856,0.37050000000000005,0.4768333333333333,-0.611,-0.6126666666666667,-0.593,-0.6174999999999999,-0.64625,-0.632,-0.621
AGC_107,2.63,,PREDICCION,,0.26013043478260867,0.2538235294117647,0.42449999999999993,0.6987777777777777,0.736,0.6727272727272727,0.5965999999999999,0.15239130434782608,0.1516470588235294,0.2205,0.4263333333333333,0.4788,0.43254545454545457,0.35259999999999997,0.9287826086956521,0.9664117647058823,1.4801666666666666,2.167666666666667,2.3363,2.152727272727273,1.8221,-0.235,-0.2414,-0.07533333333333332,0.2705,0.3141428571428571,0.257,0.1464,1.632375,1.6532,1.1886666666666665,0.5815,0.5261428571428571,0.59425,0.7498,1.35025,1.3296,0.8116666666666666,0.2961666666666667,0.25671428571428573,0.3035,0.42279999999999995,-0.6374000000000001,-0.6364,-0.652,-0.628,-0.648,-0.628,-0.64125
AGC_108,3.79,4.51,ENTRENAMIENTO,,0.22641666666666668,0.20892307692307693,0.2832,0.3881428571428572,0.4697058823529412,0.5651111111111111,0.5667,0.13904166666666667,0.12561538461538463,0.1632,0.231,0.2708823529411765,0.38122222222222224,0.3174,0.7385833333333333,0.7273076923076923,0.9234,1.2814285714285716,1.6009411764705883,1.9464444444444444,1.8701,-0.1337142857142857,-0.1355,-0.06233333333333333,0.01,0.022333333333333334,0.1515,0.14024999999999999,1.3172857142857144,1.31975,1.1413333333333333,0.9938333333333332,0.9711666666666666,0.74325,0.76025,1.0647142857142857,1.0594999999999999,0.8873333333333333,0.7256666666666667,0.6996666666666668,0.44575,0.472,-0.62075,-0.6192,-0.622,-0.6193333333333334,-0.6251428571428572,-0.6536666666666667,-0.6436666666666667
AGC_109,3.14,4.54,ENTRENAMIENTO,,0.20224,0.19721428571428573,0.30633333333333335,0.5622857142857143,0.45652631578947367,0.5750666666666666,0.5642727272727273,0.13252,0.13164285714285714,0.20316666666666663,0.37142857142857144,0.29889473684210527,0.41586666666666666,0.34136363636363637,0.6530800000000001,0.6883571428571429,0.9901666666666666,1.8052857142857144,1.581736842105263,1.9592666666666667,1.8477272727272727,-0.133125,-0.11379999999999998,-0.0036666666666666653,0.13983333333333334,0.08516666666666667,0.223,0.1672,1.312,1.2718,1.0193333333333332,0.778,0.8736666666666667,0.6516666666666667,0.7552,1.048125,0.9928000000000001,0.763,0.5043333333333333,0.5871666666666667,0.38466666666666666,0.46420000000000006,-0.60675,-0.6036666666666667,-0.5805,-0.613,-0.6152857142857143,-0.61425,-0.6185
AGC_110,6.19,4.18,ENTRENAMIENTO,,0.199,0.21105882352941177,0.3176666666666667,0.5291538461538461,0.5295882352941177,0.6447272727272727,0.5906,0.13346153846153846,0.13470588235294118,0.18433333333333332,0.3803076923076923,0.3285294117647059,0.41363636363636364,0.3503,0.6736538461538462,0.7608823529411765,1.0435,1.6455384615384614,1.8348823529411766,2.2075454545454547,1.987,-0.16125,-0.16974999999999998,-0.050666666666666665,0.12483333333333334,0.08414285714285714,0.13,0.1685,1.392125,1.4125,1.1256666666666666,0.7983333333333333,0.877,0.793,0.7451666666666666,1.2515,1.2095,0.894,0.5225,0.598,0.485,0.45616666666666666,-0.6132,-0.6076666666666667,-0.606,-0.596,-0.6425000000000001,-0.619,-0.632
AGC_111,1.71,4.72,ENTRENAMIENTO,,0.20420000000000002,0.18925,0.2854,0.4117,0.5829166666666666,0.6755555555555556,0.6452727272727272,0.1312,0.129875,0.18480000000000002,0.2485,0.38975,0.44988888888888884,0.3788181818181818,0.65468,0.6445625,0.8806,1.3209,2.0000833333333334,2.522777777777778,2.127,-0.10216666666666667,-0.0915,-0.051666666666666666,0.058166666666666665,0.19979999999999998,0.3633333333333333,0.26880000000000004,1.2398333333333333,1.21275,1.1136666666666668,0.9036666666666666,0.6774,0.4703333333333333,0.583,1.0451666666666668,0.98375,0.908,0.6475000000000001,0.445,0.247,0.3426,-0.6168,-0.6,-0.6,-0.61,-0.62825,-0.659,-0.6525000000000001
AGC_112,7.96,3.0,ENTRENAMIENTO,,0.2098421052631579,0.2081764705882353,0.31466666666666665,0.49660000000000004,0.6722941176470588,0.7235454545454546,0.6026111111111111,0.12826315789473683,0.12541176470588236,0.1731111111111111,0.3325,0.4602352941176471,0.47309090909090906,0.3441666666666667,0.7158947368421053,0.7619411764705882,1.0983333333333334,1.5766,2.553470588235294,2.6926363636363635,2.1354444444444445,-0.16999999999999998,-0.1815,-0.09533333333333333,0.0514,0.1887142857142857,0.271,0.13128571428571428,1.414,1.4480000000000002,1.232,0.9161999999999999,0.6995714285714286,0.57925,0.7851428571428573,1.222375,1.2371666666666667,1.0206666666666666,0.6618,0.46185714285714285,0.31575,0.4635714285714286,-0.632,-0.636,-0.619,-0.6154999999999999,-0.6303333333333333,-0.6305000000000001,-0.6445000000000001
AGC_113,10.58,,PREDICCION,,0.185,0.1655,0.1925714285714286,0.444,0.7187333333333333,0.643375,0.4354166666666666,0.09261904761904763,0.08825,0.09657142857142856,0.2752857142857143,0.47273333333333334,0.395625,0.23666666666666666,0.5553333333333333,0.5345000000000001,0.613857142857143,1.3984285714285714,2.5566,2.25775,1.4195833333333334,-0.04375,-0.014250000000000002,-0.01975,0.16040000000000001,0.335,0.309,0.112,1.096375,1.042,1.048,0.7384000000000001,0.5021428571428571,0.5349999999999999,0.8081666666666667,0.9777499999999999,0.87975,0.86375,0.5258,0.28271428571428575,0.2982,0.5056666666666666,-0.6577500000000001,-0.6356666666666667,-0.63,-0.643,-0.6486666666666667,-0.661,-0.632
AGC_114,6.95,3.0,ENTRENAMIENTO,,0.199,0.1779375,0.2288181818181818,0.4576153846153846,0.6644117647058824,0.7149,0.5325555555555556,0.12490476190476192,0.1118125,0.1441818181818182,0.2910769230769231,0.4505882352941177,0.43629999999999997,0.2765,0.6335714285714286,0.6170625,0.786818181818182,1.574,2.3634117647058823,2.5503,1.734111111111111,-0.111375,-0.1014,-0.1015,0.1012,0.23228571428571426,0.29083333333333333,0.1711666666666667,1.2525,1.2311999999999999,1.2275,0.8442000000000001,0.638,0.5551666666666667,0.7216666666666667,1.0855000000000001,1.0462,1.0819999999999999,0.6284,0.40057142857142863,0.3215,0.42050000000000004,-0.617,-0.606,-0.586,-0.639,-0.62525,-0.643,-0.6405000000000001
AGC_115,1.93,4.6,ENTRENAMIENTO,,0.19324000000000002,0.19021052631578947,0.2865,0.522875,0.5991176470588235,0.5961666666666666,0.5413,0.12688,0.12178947368421053,0.187375,0.355,0.3662941176470588,0.39241666666666664,0.303,0.64004,0.685,0.919,1.497125,1.8977058823529414,1.8915,1.6343,-0.167375,-0.1368,0.015500000000000003,0.2886,0.23957142857142857,0.258,0.1975,1.403125,1.3254,0.984,0.5684,0.6295714285714286,0.598,0.6811666666666666,1.255125,1.1032,0.731,0.3356,0.371,0.34275,0.38033333333333336,-0.62175,-0.6174999999999999,-0.601,-0.593,-0.6335,-0.635,-0.636
AGC_116,7.43,,PREDICCION,,0.21196153846153848,0.23370588235294118,0.3506666666666667,0.5663750000000001,0.6415555555555555,0.7254166666666667,0.6135555555555556,0.1413846153846154,0.14905882352941174,0.17566666666666667,0.344375,0.41894444444444445,0.5275833333333333,0.3481111111111111,0.7388846153846154,0.8661764705882353,1.194,1.871625,2.2357222222222224,2.470833333333333,1.7610000000000001,-0.18785714285714286,-0.16240000000000002,-0.05733333333333334,0.15516666666666667,0.21385714285714283,0.2976666666666667,0.20650000000000002,1.4635714285714285,1.3988,1.1326666666666667,0.7476666666666666,0.6719999999999999,0.5453333333333333,0.6665,1.278,1.147,0.8206666666666668,0.4795,0.4162857142857143,0.31,0.3798333333333333,-0.6222,-0.6275,-0.634,-0.6275,-0.64775,-0.63,-0.641
AGC_117,5.68,3.5,ENTRENAMIENTO,,0.23283333333333334,0.22653333333333334,0.3554,0.45890909090909093,0.5020588235294118,0.6546923076923077,0.6156666666666666,0.14083333333333334,0.12940000000000002,0.1896,0.2726363636363636,0.29111764705882354,0.4328461538461538,0.33386666666666664,0.7999444444444445,0.8290000000000001,1.2467000000000001,1.5348181818181816,1.800470588235294,2.315923076923077,2.0874,-0.17825,-0.15899999999999997,-0.07033333333333334,0.029599999999999998,0.015428571428571429,0.2448,0.16671428571428573,1.4365,1.3980000000000001,1.1689999999999998,0.976,1.002857142857143,0.6113999999999999,0.7242857142857143,1.289625,1.2254,0.9586666666666667,0.7365999999999999,0.7734285714285714,0.3518,0.43457142857142855,-0.63325,-0.6406666666666667,-0.632,-0.6283333333333333,-0.6385000000000001,-0.6415,-0.649
AGC_118,4.42,,PREDICCION,,0.21257894736842103,0.207125,0.20614285714285716,0.39985714285714286,0.6992352941176471,0.6570833333333334,0.4876666666666667,0.14426315789473684,0.1429375,0.1317142857142857,0.2032857142857143,0.4677058823529412,0.4379166666666667,0.23588888888888893,0.6957894736842105,0.7328125,0.6542857142857142,1.3844285714285716,2.4453529411764703,2.3152500000000003,1.565777777777778,-0.11828571428571429,-0.119,-0.06,0.07216666666666667,0.262,0.26880000000000004,0.13325,1.2704285714285715,1.27625,1.139,0.8865,0.6011428571428572,0.5917999999999999,0.7777499999999999,0.963,0.99125,0.8933333333333334,0.658,0.35842857142857143,0.36,0.477,-0.59975,-0.5976666666666667,-0.614,0.0,-0.6346666666666666,-0.649,-0.6335
AGC_119,0.64,4.4,ENTRENAMIENTO,,0.2664166666666667,0.2651428571428572,0.27759999999999996,0.6315,0.7066153846153846,0.659,0.5391666666666667,0.16445833333333335,0.16735714285714284,0.1654,0.407,0.45276923076923076,0.4166666666666667,0.26258333333333334,0.8910416666666667,0.9065714285714286,0.9276,2.0955,2.5495384615384613,2.318888888888889,1.8109166666666667,-0.060375,-0.0402,-0.034666666666666665,0.23483333333333334,0.26066666666666666,0.21275,0.11100000000000002,1.136625,1.0928,1.0796666666666666,0.6388333333333334,0.5933333333333334,0.6587500000000001,0.8118000000000001,0.9117500000000001,0.8238,0.8380000000000001,0.39166666666666666,0.3303333333333333,0.40475,0.45760000000000006,-0.64075,-0.6263333333333333,-0.6305000000000001,-0.647,-0.6565000000000001,-0.6525000000000001,-0.655
AGC_120,7.47,,PREDICCION,,0.2960555555555555,0.2692631578947368,0.3369090909090909,0.6303636363636363,0.8486111111111111,0.7608666666666667,0.5048823529411764,0.16833333333333333,0.1598421052631579,0.18345454545454543,0.4459090909090909,0.6386111111111111,0.5376,0.2522941176470588,1.067611111111111,1.0126842105263159,1.2571818181818182,2.216,3.2762777777777776,2.8622,1.791764705882353,-0.089125,-0.0666,-0.0685,0.2564,0.4361428571428571,0.3741666666666667,0.1486,1.222875,1.1674,1.1640000000000001,0.6134000000000001,0.39785714285714285,0.46349999999999997,0.7598,1.045125,0.9561999999999999,0.9744999999999999,0.37160000000000004,0.18571428571428572,0.25133333333333335,0.44139999999999996,-0.65175,-0.645,-0.625,-0.6435,-0.6525000000000001,-0.648,-0.6475
AGC_121,5.92,3.3,ENTRENAMIENTO,,0.2075263157894737,0.18813333333333335,0.23083333333333333,0.3566,0.7482142857142857,0.762625,0.5569999999999999,0.11194736842105261,0.10693333333333334,0.12116666666666666,0.19140000000000001,0.5110714285714286,0.580375,0.285125,0.6562631578947368,0.6681333333333334,0.7803333333333332,1.186,2.662357142857143,2.79275,1.895125,-0.063375,-0.06325,-0.049,0.028800000000000003,0.281,0.37,0.1825,1.1488749999999999,1.1484999999999999,1.11275,0.9596,0.5754285714285714,0.475,0.697,0.9425,0.9375,0.8899999999999999,0.7394000000000001,0.3364285714285714,0.267,0.4,-0.646,-0.6433333333333334,-0.631,-0.629,-0.6396666666666667,-0.636,-0.6505000000000001
AGC_122,7.45,3.5,ENTRENAMIENTO,,0.20642857142857143,0.198375,0.2911111111111111,0.644,0.7415,0.6605,0.41733333333333333,0.12823809523809523,0.1283125,0.1591111111111111,0.4437692307692308,0.49364285714285716,0.3998,0.22813333333333335,0.6685714285714285,0.6774375,1.010888888888889,2.173230769230769,2.7248571428571426,2.3181000000000003,1.4438,-0.08562499999999999,-0.0598,0.06833333333333334,0.2406,0.30783333333333335,0.30433333333333334,0.07783333333333332,1.190375,1.1418,0.9116666666666667,0.6198,0.5336666666666666,0.5381666666666667,0.8741666666666665,1.019,0.9428000000000001,0.7290000000000001,0.3768,0.30283333333333334,0.29183333333333333,0.5283333333333333,-0.62325,-0.6134999999999999,-0.588,-0.636,-0.6436666666666667,-0.652,-0.631
AGC_123,8.01,2.5,ENTRENAMIENTO,,0.183,0.1760625,0.23681818181818182,0.5822727272727273,0.6635714285714286,0.6135,0.43657142857142855,0.11614285714285714,0.114,0.1409090909090909,0.41263636363636363,0.4232142857142857,0.3465833333333333,0.23321428571428568,0.5762380952380952,0.598,0.8291818181818182,1.8980909090909093,2.3665714285714285,2.08325,1.4555714285714285,-0.10625,-0.098,-0.04,0.18816666666666668,0.2367142857142857,0.2688333333333333,0.023,1.2385,1.2226,1.0899999999999999,0.6915,0.6202857142857142,0.582,0.96775,1.0951250000000001,1.0428000000000002,0.921,0.45116666666666666,0.36442857142857144,0.3273333333333333,0.631,-0.61425,-0.624,-0.581,-0.6266666666666666,-0.63125,-0.648,-0.6355
AGC_124,1.96,5.05,ENTRENAMIENTO,,0.22776923076923075,0.2322857142857143,0.29800000000000004,0.43099999999999994,0.43309999999999993,0.6964615384615385,0.6883333333333334,0.14792307692307693,0.15485714285714286,0.20028571428571426,0.27549999999999997,0.26795,0.4778461538461538,0.4138888888888889,0.7543461538461538,0.8157142857142857,1.008857142857143,1.4347999999999999,1.5406499999999999,2.4707692307692306,2.386222222222222,-0.08075,-0.09975,-0.04,0.06739999999999999,0.0285,0.2676,0.2972,1.1905,1.226,1.089,0.8847999999999999,0.9676666666666667,0.5932000000000001,0.5558,0.926125,0.94175,0.8266666666666667,0.5948,0.6695000000000001,0.3584,0.30920000000000003,-0.617625,-0.6157999999999999,-0.601,-0.6174,-0.6235,-0.6225,-0.6453333333333333
AGC_125,10.14,4.06,ENTRENAMIENTO,,0.20484615384615384,0.2183529411764706,0.41183333333333333,0.7514000000000001,0.7591764705882353,0.6633333333333333,0.4784,0.13942307692307693,0.14252941176470588,0.21733333333333335,0.5206000000000001,0.47905882352941176,0.41344444444444445,0.2646,0.7152307692307692,0.8154117647058824,1.3683333333333334,2.5016,2.6576470588235295,2.281,1.5849,-0.18914285714285714,-0.188,0.016333333333333335,0.3661666666666667,0.33485714285714285,0.237,0.09033333333333332,1.4677142857142855,1.46525,0.995,0.4716666666666667,0.5065714285714286,0.6246666666666667,0.8421666666666666,1.3084285714285713,1.24775,0.6923333333333334,0.243,0.27585714285714286,0.35400000000000004,0.5056666666666666,-0.617,-0.606,-0.637,-0.629,-0.651,-0.6363333333333333,-0.614
AGC_126,5.75,,PREDICCION,,0.17342307692307693,0.16211764705882353,0.2712,0.3741111111111111,0.614375,0.6934,0.636,0.11657692307692308,0.11258823529411764,0.168,0.21933333333333332,0.39818749999999997,0.425,0.3612222222222222,0.5442307692307693,0.5335882352941176,0.8306000000000001,1.1861111111111111,2.114875,2.6399,2.104777777777778,-0.111,-0.08775,-0.055999999999999994,0.028666666666666663,0.20099999999999998,0.39466666666666667,0.30920000000000003,1.2602857142857142,1.20675,1.1256666666666666,0.9556666666666667,0.6759999999999999,0.4383333333333333,0.5348,1.1022857142857143,1.02075,0.9346666666666668,0.6888333333333333,0.441,0.225,0.3016,-0.602,-0.5814999999999999,-0.5954999999999999,-0.6046666666666667,-0.6166666666666667,-0.653,-0.6395
AGC_127,0.91,5.57,ENTRENAMIENTO,,0.31476,0.3042222222222222,0.373,0.5122,0.6163571428571428,0.6228888888888888,0.646375,0.177,0.17644444444444446,0.21340000000000003,0.321,0.3692857142857143,0.362,0.334,1.08608,1.0883888888888889,1.2611999999999999,1.8069,2.2497142857142856,2.3215555555555554,2.26575,0.0021249999999999993,-0.0245,0.036,0.1246,0.2115,0.221,0.20675,1.013625,1.062,0.9376666666666665,0.7828,0.6591666666666667,0.6436666666666667,0.6635,0.747375,0.77375,0.6233333333333334,0.479,0.3695,0.3426666666666667,0.36575,-0.6476,-0.639,-0.639,-0.619,-0.652,-0.65,-0.66
AGC_128,6.15,,PREDICCION,,0.22904166666666667,0.22223529411764706,0.41500000000000004,0.7076,0.73115,0.6445,0.5251818181818182,0.13395833333333335,0.13952941176470587,0.2592,0.4486,0.44794999999999996,0.4023333333333334,0.2968181818181818,0.793375,0.8164117647058823,1.4154,2.2092,2.2672,1.98625,1.5703636363636364,-0.20299999999999999,-0.2118,-0.07333333333333335,0.29,0.29642857142857143,0.23199999999999998,0.0908,1.52725,1.5592000000000001,1.1826666666666668,0.5576666666666666,0.5478571428571428,0.6292,0.8395999999999999,1.284875,1.2884,0.9,0.2806666666666667,0.271,0.328,0.4728,-0.6348,-0.623,-0.629,-0.624,-0.6245,-0.6256666666666667,-0.635
AGC_129,8.16,,PREDICCION,,0.238,0.23384615384615384,0.2728,0.5741666666666667,0.7801666666666667,0.7378571428571429,0.5845,0.1214090909090909,0.11792307692307692,0.148,0.3353333333333333,0.51825,0.5027142857142858,0.3432,0.7775,0.799076923076923,0.9358000000000001,1.9100000000000001,2.9600833333333334,2.7019999999999995,2.0306,-0.08600000000000001,-0.08199999999999999,-0.050499999999999996,0.22566666666666668,0.3463333333333333,0.2906666666666667,0.24050000000000002,1.195375,1.184,1.1175000000000002,0.6433333333333333,0.49583333333333335,0.5656666666666667,0.62575,1.032125,0.99275,0.9037499999999999,0.38366666666666666,0.2685,0.3393333333333333,0.33875,-0.6567500000000001,-0.646,-0.643,-0.652,-0.6545000000000001,-0.653,-0.64
AGC_130,12.1,,PREDICCION,,0.19943478260869565,0.19766666666666666,0.23775000000000002,0.6237999999999999,0.6692352941176472,0.5917777777777778,0.4530909090909091,0.12108695652173913,0.12473333333333333,0.14125,0.38380000000000003,0.428,0.34400000000000003,0.23118181818181818,0.6380869565217392,0.6788666666666666,0.821,2.0174,2.3481176470588236,2.0573333333333332,1.501181818181818,-0.13957142857142857,-0.1136,-0.05925,0.21966666666666668,0.22742857142857145,0.15933333333333333,0.022199999999999998,1.3279999999999998,1.2612,1.138,0.6478333333333334,0.6382857142857142,0.7353333333333333,0.9676,1.1722857142857142,1.0286,0.9025000000000001,0.38149999999999995,0.3655714285714286,0.42,0.5831999999999999,-0.62925,-0.618,-0.625,-0.6335,-0.6425000000000001,-0.6386666666666666,-0.638
AGC_131,1.46,4.89,ENTRENAMIENTO,,0.2554347826086957,0.24452631578947367,0.29350000000000004,0.4793,0.7132631578947368,0.7444,0.5574,0.1416086956521739,0.14673684210526314,0.18000000000000002,0.302,0.48015789473684206,0.4474,0.2904,0.9139565217391304,0.9284736842105262,1.0386666666666666,1.6321,2.6612105263157897,2.756,1.8585999999999998,-0.252625,-0.24975,-0.15533333333333332,0.022799999999999997,0.226,0.265,0.114,1.679125,1.67,1.3883333333333334,0.9778,0.6425714285714286,0.5863333333333333,0.802,1.495125,1.45225,1.1373333333333333,0.7003999999999999,0.3802857142857143,0.30866666666666664,0.5077499999999999,-0.65425,-0.6393333333333334,-0.625,-0.615,-0.64525,-0.6455,-0.6305000000000001
AGC_132,6.1,4.13,ENTRENAMIENTO,,0.2030833333333333,0.19327777777777777,0.304,0.51025,0.6396470588235295,0.7334285714285714,0.7050909090909091,0.13145833333333334,0.1315,0.1756,0.313375,0.38888235294117646,0.5004285714285714,0.4380909090909091,0.651625,0.6647222222222222,0.9938,1.736625,2.4371764705882355,2.848,2.421909090909091,-0.11342857142857143,-0.11075,-0.03233333333333333,0.1735,0.302,0.3665,0.33225,1.2622857142857142,1.25725,1.074,0.711,0.5548,0.47275,0.5177499999999999,1.1097142857142857,1.0755,0.839,0.44966666666666666,0.3406,0.26525,0.28125,-0.6127142857142857,-0.5913333333333334,-0.609,-0.6286666666666667,-0.6355,-0.6473333333333334,-0.6393333333333334
AGC_133,6.08,3.91,ENTRENAMIENTO,,0.21065384615384616,0.2001875,0.33520000000000005,0.6488181818181818,0.7599285714285714,0.7208,0.7023333333333333,0.1303076923076923,0.1315625,0.178,0.4377272727272727,0.5768571428571428,0.5572999999999999,0.4935833333333333,0.7085769230769231,0.701,1.1068000000000002,2.1597272727272725,2.745142857142857,2.6559,2.3123333333333336,-0.15657142857142858,-0.18175,-0.03375,0.28750000000000003,0.3506666666666667,0.36033333333333334,0.3282,1.3924285714285713,1.45225,1.093,0.5753333333333334,0.5005000000000001,0.48533333333333334,0.5187999999999999,1.1992857142857143,1.2385000000000002,0.8362499999999999,0.32283333333333336,0.299,0.275,0.2854,-0.6254,-0.6194999999999999,-0.62,-0.6226666666666666,-0.6406666666666667,-0.6345000000000001,-0.6365000000000001
AGC_134,2.25,4.52,ENTRENAMIENTO,,0.24808695652173915,0.2635882352941176,0.44699999999999995,0.7387,0.741625,0.6245833333333334,0.5026363636363637,0.14452173913043478,0.14364705882352943,0.2725,0.5326000000000001,0.4861875,0.4045,0.2710909090909091,0.8252173913043478,0.9250588235294117,1.46475,2.4585,2.5575,2.095833333333333,1.6461818181818182,-0.12614285714285714,-0.11775,0.0225,0.3196,0.28757142857142853,0.242,0.12266666666666666,1.2932857142857144,1.27125,0.9644999999999999,0.5196,0.5572857142857143,0.6145,0.7918333333333334,1.0587142857142857,1.058,0.6865,0.2598,0.3077142857142857,0.354,0.4741666666666666,-0.64825,-0.642,-0.648,-0.645,-0.6435,-0.6243333333333333,-0.635
AGC_135,1.62,4.49,ENTRENAMIENTO,,0.19868000000000002,0.17955555555555558,0.2656,0.3852,0.5486153846153846,0.6674285714285714,0.6409090909090909,0.12804000000000001,0.12172222222222222,0.172,0.24180000000000001,0.36876923076923074,0.4747142857142857,0.3845454545454546,0.62932,0.6137222222222223,0.8432000000000001,1.2755,1.8956923076923076,2.4902857142857147,2.102818181818182,-0.09383333333333334,-0.073,-0.05499999999999999,0.048,0.1882,0.36633333333333334,0.2548,1.2186666666666666,1.1735,1.1216666666666668,0.9176,0.693,0.467,0.6008,1.0353333333333332,0.966,0.914,0.6762,0.46959999999999996,0.25033333333333335,0.3704,-0.616,-0.6,-0.5985,-0.6106666666666666,-0.6275,-0.65,-0.645
AGC_136,1.69,,PREDICCION,,0.20684615384615385,0.20783333333333334,0.41916666666666663,0.60975,0.6294705882352941,0.6766,0.5996666666666667,0.1346153846153846,0.1335,0.29616666666666663,0.43483333333333335,0.3942352941176471,0.4502,0.32899999999999996,0.7029615384615385,0.7443333333333333,1.278,1.9731666666666667,2.166529411764706,2.3481,2.0072222222222225,-0.18371428571428572,-0.1825,0.05133333333333334,0.14183333333333334,0.1615,0.27375,0.1654,1.4515714285714285,1.448,0.9306666666666666,0.7759999999999999,0.7438333333333333,0.573,0.728,1.276142857142857,1.2542499999999999,0.6749999999999999,0.49099999999999994,0.4656666666666667,0.30125,0.41500000000000004,-0.6138,-0.605,-0.603,-0.602,-0.6486666666666667,-0.6275,-0.637
AGC_137,24.81,4.54,ENTRENAMIENTO,,0.26584,0.27955555555555556,0.46342857142857147,0.6957272727272726,0.7605263157894736,0.6894444444444444,0.6181666666666666,0.14976,0.1597222222222222,0.2612857142857143,0.4579090909090909,0.5026315789473684,0.4511111111111111,0.3690833333333334,0.9376000000000001,1.0313333333333334,1.5522857142857143,2.257909090909091,2.668842105263158,2.3845555555555555,2.0015,-0.19525,-0.18619999999999998,-0.04775,0.22916666666666666,0.322,0.2995,0.228,1.511625,1.4862,1.11075,0.6376666666666667,0.5254285714285715,0.5447500000000001,0.6343333333333333,1.2275,1.1882,0.763,0.3413333333333333,0.26457142857142857,0.2905,0.328,-0.6434,-0.6278,-0.64,-0.6333333333333333,-0.649,-0.6376666666666667,-0.6313333333333334
AGC_138,7.86,2.5,ENTRENAMIENTO,,0.2221578947368421,0.193,0.26890000000000003,0.45914285714285713,0.6675263157894736,0.6935333333333333,0.5317222222222222,0.14721052631578949,0.1328235294117647,0.1609,0.30514285714285716,0.4244736842105263,0.445,0.293,0.7546842105263158,0.6934117647058824,0.9798,1.5375714285714286,2.3562105263157895,2.3669333333333333,1.6472777777777778,-0.158,-0.19266666666666665,-0.1386666666666667,0.0838,0.18442857142857141,0.2638,0.084,1.379,1.4803333333333333,1.3303333333333331,0.8624,0.6968571428571428,0.5862,0.8565,1.090625,1.1801666666666666,1.1276666666666666,0.616,0.44457142857142856,0.31320000000000003,0.49833333333333335,-0.61975,-0.6153333333333334,-0.601,-0.622,-0.6325000000000001,-0.673,-0.6255
AGC_139,1.92,4.67,ENTRENAMIENTO,,0.19724,0.18883333333333333,0.312125,0.50025,0.6120555555555556,0.6417272727272727,0.5875999999999999,0.12992,0.1183888888888889,0.198625,0.326125,0.38366666666666666,0.42227272727272724,0.3225,0.6578400000000001,0.6962777777777778,0.9962500000000001,1.49725,1.996388888888889,2.0536363636363637,1.7892,-0.1665,-0.13740000000000002,-0.007333333333333331,0.2374,0.21414285714285716,0.25925,0.16749999999999998,1.40075,1.3266,1.0330000000000001,0.6477999999999999,0.671,0.59625,0.7266666666666667,1.245625,1.0906,0.771,0.40519999999999995,0.41314285714285715,0.3395,0.3993333333333333,-0.62125,-0.616,-0.61,-0.6065,-0.63625,-0.628,-0.645
AGC_140,4.13,3.2,ENTRENAMIENTO,,0.20433333333333334,0.188,0.22183333333333333,0.6515714285714286,0.839625,0.7541111111111111,0.5481111111111111,0.10305555555555555,0.10375000000000001,0.11683333333333334,0.46499999999999997,0.706,0.6545555555555556,0.28988888888888886,0.6510555555555555,0.655625,0.7743333333333333,2.204571428571428,3.0539375,2.581,1.607222222222222,-0.11525,-0.0696,-0.083,0.22400000000000003,0.461,0.38649999999999995,0.11359999999999999,1.266375,1.1640000000000001,1.1905000000000001,0.6562,0.3745,0.44875,0.819,1.091375,0.9328,0.984,0.3988,0.17533333333333334,0.2175,0.47400000000000003,-0.65575,-0.6425000000000001,-0.644,-0.633,-0.6285000000000001,0.0,-0.652
AGC_141,3.94,3.5,ENTRENAMIENTO,,0.2044736842105263,0.182875,0.25329999999999997,0.3537777777777778,0.4971764705882353,0.7413529411764705,0.6923529411764706,0.1256842105263158,0.114125,0.1399,0.22055555555555553,0.2933529411764706,0.4960588235294118,0.3992352941176471,0.6796315789473685,0.6503125000000001,0.8815,1.2141111111111111,1.799,2.7313529411764708,2.4038235294117647,-0.152875,-0.172,-0.08666666666666667,-0.030333333333333334,0.009142857142857142,0.31260000000000004,0.24779999999999996,1.36375,1.4155,1.2036666666666667,1.0906666666666667,1.012,0.5266,0.6152,1.159875,1.2077499999999999,1.0096666666666667,0.8748333333333332,0.7788571428571428,0.2892,0.3464,-0.62475,-0.623,-0.605,-0.6236666666666667,-0.6185,-0.637,-0.639
AGC_142,1.29,,PREDICCION,,0.20384,0.19552941176470587,0.29933333333333334,0.47625,0.4459375,0.5222,0.4577,0.12692,0.12794117647058822,0.19799999999999998,0.31375000000000003,0.2874375,0.3564,0.2738,0.64952,0.6882352941176471,0.9579999999999999,1.5325833333333332,1.532375,1.8241,1.4486,-0.091375,-0.0935,-0.017333333333333336,0.09500000000000001,0.08366666666666667,0.174,0.1055,1.205625,1.2095,1.0403333333333336,0.8341666666666666,0.8548333333333334,0.71425,0.82225,0.96925,0.96375,0.7626666666666666,0.5566666666666666,0.5885,0.43674999999999997,0.532,-0.6073999999999999,-0.6016,-0.601,-0.605,-0.621,-0.627,-0.629
AGC_143,11.48,,PREDICCION,,0.22664,0.23666666666666666,0.399125,0.51875,0.6155,0.6914,0.575923076923077,0.13596,0.146,0.250375,0.352875,0.401,0.45200000000000007,0.35007692307692306,0.795,0.8576666666666667,1.3125,1.64675,2.0529444444444445,2.314,1.8903846153846153,-0.213375,-0.1916,-0.0205,0.12083333333333333,0.12566666666666668,0.22679999999999997,0.15366666666666665,1.549375,1.482,1.0514999999999999,0.82,0.8111666666666667,0.637,0.7426666666666666,1.3351250000000001,1.2138,0.781,0.5395,0.5151666666666667,0.3678,0.43083333333333335,-0.635,-0.634,-0.619,-0.6214999999999999,-0.638,-0.6213333333333333,-0.641
AGC_144,7.48,2.5,ENTRENAMIENTO,,0.18557142857142855,0.1776875,0.239375,0.6828461538461539,0.6980555555555555,0.6176666666666667,0.3916,0.11276190476190476,0.105875,0.143375,0.5036153846153847,0.4683333333333333,0.3620833333333333,0.19826666666666667,0.5840952380952381,0.619,0.82875,2.3214615384615382,2.523,2.0825,1.2982,-0.11837500000000001,-0.1242,-0.08733333333333333,0.26616666666666666,0.27142857142857146,0.2648333333333333,0.007599999999999998,1.27,1.2862,1.1940000000000002,0.5873333333333334,0.577,0.5858333333333333,0.9964000000000001,1.1225,1.1116,1.0256666666666667,0.3461666666666667,0.3314285714285714,0.334,0.6616,-0.61925,-0.617,-0.579,-0.625,-0.63075,-0.643,-0.609
AGC_145,8.33,3.5,ENTRENAMIENTO,,0.18613636363636363,0.184875,0.2434,0.6883636363636364,0.7123571428571428,0.6243000000000001,0.4171333333333333,0.114,0.11574999999999999,0.1424,0.5161818181818182,0.45985714285714285,0.36669999999999997,0.22526666666666667,0.5972727272727273,0.6278125,0.8741,2.3390909090909093,2.557857142857143,2.1245000000000003,1.4212666666666667,-0.133375,-0.146,-0.125,0.23983333333333334,0.25214285714285717,0.24633333333333332,0.042333333333333334,1.311125,1.34525,1.291,0.6261666666666666,0.6024285714285714,0.608,0.9346666666666666,1.1815,1.20375,1.153,0.38716666666666666,0.3355714285714286,0.3561666666666667,0.5851666666666667,-0.62825,-0.628,-0.591,-0.6296666666666667,-0.62225,-0.645,-0.6205
AGC_146,1.33,4.58,ENTRENAMIENTO,,0.2572083333333333,0.25358823529411767,0.39349999999999996,0.6650909090909091,0.7278,0.6753636363636364,0.5826,0.147875,0.15323529411764705,0.2285,0.4310909090909091,0.4697,0.42754545454545456,0.3598,0.9050416666666666,0.952529411764706,1.382,2.063,2.3328499999999996,2.146909090909091,1.7922,-0.229,-0.24159999999999998,-0.155,0.24016666666666667,0.27914285714285714,0.20859999999999998,0.11040000000000001,1.61825,1.6600000000000001,1.3820000000000001,0.6195,0.5674285714285714,0.6614000000000001,0.8096,1.32525,1.3599999999999999,1.0270000000000001,0.32749999999999996,0.2842857142857143,0.3466,0.4614,-0.6358,-0.6266,-0.633,-0.6365000000000001,-0.62475,-0.6263333333333333,-0.6325000000000001
AGC_147,6.8,,PREDICCION,,0.20742857142857143,0.19829411764705882,0.2735,0.7270833333333333,0.7528666666666666,0.6556153846153846,0.4202142857142857,0.12742857142857145,0.1262941176470588,0.1705,0.5436666666666666,0.5008,0.4228461538461538,0.22585714285714284,0.6792857142857143,0.7034705882352941,0.9642499999999999,2.5415833333333335,2.7609333333333335,2.2838461538461536,1.4567142857142856,-0.124375,-0.07516666666666667,-0.07100000000000001,0.2806,0.28900000000000003,0.2826,0.06533333333333334,1.28575,1.1738333333333333,1.155,0.5734,0.5558571428571428,0.5626,0.891,1.1295,0.9691666666666666,0.985,0.335,0.30271428571428566,0.3066,0.5673333333333334,-0.621,-0.6134999999999999,-0.589,-0.6296666666666667,-0.6296666666666667,-0.644,-0.612
AGC_148,2.46,3.0,ENTRENAMIENTO,,0.20036842105263158,0.17293333333333333,0.223,0.340375,0.7583846153846154,0.7125555555555556,0.5133,0.10921052631578948,0.1008,0.12285714285714287,0.199875,0.5431538461538461,0.5552222222222222,0.2742,0.6277368421052631,0.5892,0.7794285714285715,1.174625,2.666692307692308,2.5837777777777777,1.7212,-0.09833333333333333,-0.09833333333333333,-0.07525,0.0636,0.3313333333333333,0.4535,0.1704,1.2193333333333334,1.221,1.167,0.9048,0.5143333333333334,0.38175,0.7152000000000001,1.0476666666666665,1.0243333333333335,0.9605,0.7178,0.28633333333333333,0.18875,0.43200000000000005,-0.6415,-0.646,-0.631,-0.629,-0.6393333333333334,-0.608,-0.6386666666666666
AGC_149,8.99,,PREDICCION,,0.20725000000000002,0.20507142857142857,0.24475,0.6202,0.6952941176470588,0.6168,0.5138333333333334,0.127,0.1305714285714286,0.14475,0.413,0.4729411764705883,0.4184,0.2851666666666667,0.6775833333333333,0.707,0.84675,2.011,2.4735294117647055,2.1767,1.7295,-0.12785714285714286,-0.1038,-0.0555,0.213,0.26171428571428573,0.18225,0.0876,1.2985714285714285,1.2384,1.12975,0.6646666666666666,0.5934285714285714,0.7052499999999999,0.8534,1.1285714285714286,0.9994,0.8925000000000001,0.40116666666666667,0.3321428571428572,0.45249999999999996,0.49400000000000005,-0.625,-0.6163333333333333,-0.631,-0.635,-0.64175,-0.639,-0.638
AGC_150,1.99,4.52,ENTRENAMIENTO,,0.21626923076923077,0.22,0.34900000000000003,0.6536923076923077,0.667625,0.6328,0.39499999999999996,0.14115384615384616,0.1376470588235294,0.242,0.46853846153846157,0.422625,0.4109,0.24211111111111108,0.7449615384615385,0.8031764705882353,1.1471666666666667,2.171846153846154,2.3682499999999997,2.2233,1.3205555555555555,-0.197125,-0.19075,-0.06266666666666666,0.17933333333333334,0.20666666666666667,0.2492,0.015199999999999997,1.49525,1.4755,1.153,0.7056666666666667,0.6669999999999999,0.6062,0.9870000000000001,1.331375,1.28125,0.918,0.44049999999999995,0.4038333333333333,0.33140000000000003,0.6652,-0.6206666666666667,-0.6178,-0.603,-0.6226666666666666,-0.6475,-0.647,-0.6234999999999999
AGC_151,9.32,4.69,ENTRENAMIENTO,,0.29720833333333335,0.30555,0.49887499999999996,0.7705,0.79625,0.633,0.5577857142857143,0.15404166666666666,0.1647,0.28300000000000003,0.5738000000000001,0.5085625,0.41675,0.3252857142857143,1.0844166666666666,1.1711500000000001,1.725375,2.57,2.7600625,2.14175,1.8300714285714286,-0.286,-0.27480000000000004,-0.058750000000000004,0.314,0.3232857142857143,0.2785,0.19183333333333333,1.842875,1.8334,1.1985000000000001,0.531,0.519,0.56825,0.6841666666666667,1.564625,1.5522,0.85,0.2638333333333333,0.25842857142857145,0.32225000000000004,0.36833333333333335,-0.6598,-0.6475,-0.651,-0.6343333333333333,-0.6496666666666667,-0.6323333333333333,-0.635
AGC_152,2.63,4.87,ENTRENAMIENTO,,0.2893478260869565,0.2922,0.452,0.717375,0.72525,0.6393333333333333,0.6415333333333334,0.15930434782608696,0.16805,0.2664285714285714,0.48625,0.43575,0.37,0.32413333333333333,0.986695652173913,1.06075,1.5234285714285714,2.337125,2.445375,2.2457777777777777,2.1242666666666667,-0.126875,-0.1176,-0.013000000000000001,0.24300000000000002,0.27571428571428575,0.27949999999999997,0.23700000000000002,1.30725,1.2874,1.04125,0.6338,0.5807142857142856,0.5700000000000001,0.6376000000000001,1.0315,1.0248,0.7072499999999999,0.362,0.31,0.30925,0.346,-0.6477999999999999,-0.641,-0.65,-0.644,-0.6555,-0.623,-0.6446666666666667
AGC_153,1.99,,PREDICCION,,0.19053846153846152,0.196625,0.2752857142857143,0.4766363636363637,0.5212631578947369,0.5844545454545454,0.5905454545454545,0.12215384615384615,0.12425,0.18442857142857141,0.32490909090909087,0.32652631578947366,0.3776363636363636,0.3459090909090909,0.6206153846153846,0.6791875,0.8381428571428572,1.3734545454545455,1.6665263157894739,1.9336363636363636,1.8176363636363637,-0.14049999999999999,-0.1445,0.04875,0.2605,0.2227142857142857,0.236,0.22683333333333333,1.3315,1.3407499999999999,0.92025,0.6015,0.6517142857142858,0.632,0.64,1.18625,1.1615,0.67275,0.3721666666666667,0.40700000000000003,0.3485,0.3541666666666667,-0.6174,-0.6103333333333333,-0.6,-0.613,-0.632,-0.635,-0.632
AGC_154,1.49,,PREDICCION,,0.26054166666666667,0.24766666666666667,0.33,0.6228181818181818,0.7954705882352942,0.7822,0.481,0.145375,0.14388888888888887,0.19416666666666668,0.43318181818181817,0.5378235294117647,0.489,0.28188888888888886,0.9237083333333334,0.9422222222222223,1.1653333333333333,2.209636363636364,3.074588235294118,2.8954999999999997,1.643888888888889,-0.244625,-0.2495,-0.148,0.16899999999999998,0.3565714285714286,0.321,0.1275,1.65175,1.67075,1.3676666666666666,0.7256,0.47928571428571426,0.5183333333333334,0.79375,1.42975,1.4335,1.0906666666666667,0.44580000000000003,0.24742857142857141,0.25766666666666665,0.48275,-0.65025,-0.6416666666666667,-0.628,-0.6183333333333333,-0.65575,-0.654,-0.639
AGC_155,2.24,4.52,ENTRENAMIENTO,,0.25873913043478264,0.23893333333333333,0.2552,0.41100000000000003,0.596421052631579,0.7570000000000001,0.707625,0.14521739130434783,0.1431333333333333,0.1654,0.260625,0.3898947368421053,0.5257777777777778,0.398625,0.8887826086956522,0.8756666666666667,0.8695999999999999,1.399375,2.088578947368421,2.7735555555555553,2.43325,-0.15562499999999999,-0.18,-0.059,-0.0522,0.09842857142857143,0.33599999999999997,0.27449999999999997,1.389375,1.452,1.147,1.1488,0.8552857142857143,0.5038,0.571,1.182375,1.2355,0.925,0.9198000000000001,0.597857142857143,0.281,0.3085,-0.643375,-0.6288333333333334,-0.615,-0.618,-0.6418571428571429,-0.6453333333333333,-0.657
AGC_156,8.2,,PREDICCION,,0.21115,0.18438461538461537,0.22999999999999998,0.4073333333333333,0.744,0.815,0.6485,0.10529999999999999,0.09592307692307693,0.13328571428571429,0.20933333333333334,0.5094117647058823,0.6065,0.40359999999999996,0.6826000000000001,0.6493846153846154,0.8092857142857143,1.3645000000000003,2.6473529411764707,3.158375,2.2232,-0.108,-0.0934,-0.08850000000000001,0.01175,0.2798333333333333,0.4305,0.3282,1.2525,1.2164,1.203,0.98825,0.5806666666666667,0.415,0.5154,1.0642500000000001,0.9902000000000001,1.0095,0.72775,0.3363333333333333,0.2335,0.27640000000000003,-0.6525000000000001,-0.6626666666666666,-0.638,-0.628,-0.6333333333333333,-0.624,-0.646
AGC_157,1.18,3.0,ENTRENAMIENTO,,0.20221052631578948,0.18953333333333333,0.27222222222222225,0.40255555555555556,0.4920625,0.7637857142857143,0.6762222222222223,0.125,0.1176,0.164,0.23544444444444443,0.29375,0.5435714285714286,0.39844444444444443,0.6803684210526315,0.6764,0.9367777777777777,1.3374444444444444,1.7493125,2.7697857142857143,2.3325,-0.16775,-0.155,-0.08233333333333333,0.0006666666666666626,0.0011428571428571438,0.30979999999999996,0.26559999999999995,1.404125,1.375,1.1906666666666668,1.0361666666666667,1.025,0.5294000000000001,0.5888,1.21675,1.1708,0.9933333333333333,0.8113333333333334,0.7902857142857143,0.2944,0.3288,-0.624,-0.6256666666666667,-0.616,-0.632,-0.6194999999999999,-0.65,-0.642
AGC_158,11.22,,PREDICCION,,0.2265,0.210625,0.2604285714285714,0.4284,0.6019375,0.6191666666666666,0.5500833333333334,0.13191666666666665,0.1315,0.17157142857142857,0.30179999999999996,0.385,0.37175,0.297,0.7712916666666666,0.769,0.8607142857142858,1.3876,2.054,2.1434166666666665,1.81475,-0.187,-0.1868,-0.07525,0.034333333333333334,0.11916666666666668,0.1945,0.1404,1.468,1.464,1.1735,0.9556666666666667,0.8058333333333333,0.678,0.76,1.209125,1.1622,0.89925,0.6606666666666666,0.5066666666666667,0.37475,0.4418,-0.643,-0.621,-0.599,-0.597,-0.642,-0.651,-0.64
AGC_159,2.14,4.77,ENTRENAMIENTO,,0.24000000000000002,0.23629411764705885,0.37966666666666665,0.5925454545454545,0.45077777777777783,0.6966363636363636,0.7395,0.15273076923076923,0.14988235294117647,0.25333333333333335,0.38572727272727275,0.25672222222222224,0.4659090909090909,0.5076,0.8353461538461538,0.8693529411764706,1.266,1.9157272727272727,1.625111111111111,2.4842727272727276,2.7052,-0.1675,-0.18125,-0.0355,0.115,0.052142857142857144,0.27366666666666667,0.3668,1.414625,1.44875,1.088,0.8184999999999999,0.9492857142857144,0.5831666666666666,0.4742,1.195375,1.2165,0.8314999999999999,0.5583333333333333,0.6688571428571429,0.33216666666666667,0.2624,-0.6252857142857142,-0.6166666666666667,-0.608,-0.626,-0.64375,-0.6285000000000001,-0.651
AGC_160,7.61,3.62,ENTRENAMIENTO,,0.21136,0.21507142857142858,0.34685714285714286,0.439,0.42778947368421055,0.7252307692307693,0.7404444444444445,0.13635999999999998,0.14142857142857143,0.20700000000000002,0.27722222222222226,0.2561052631578947,0.44030769230769234,0.39355555555555555,0.7066,0.7741428571428572,1.1708571428571428,1.4036666666666666,1.5329473684210526,2.5104615384615387,2.481222222222222,-0.089,-0.13325,-0.019,0.059666666666666666,-0.009500000000000003,0.33999999999999997,0.4152,1.222875,1.319,1.053,0.908,1.0628333333333333,0.501,0.4192,1.0166250000000001,1.08075,0.7733333333333333,0.6363333333333333,0.7968333333333333,0.266,0.21739999999999998,-0.616875,-0.6106,-0.6194999999999999,-0.6245,-0.6171666666666666,-0.6176666666666667,-0.649
AGC_161,3.36,4.46,ENTRENAMIENTO,,0.231375,0.23053846153846153,0.38516666666666666,0.5512857142857143,0.5246666666666666,0.7461875,0.7576363636363636,0.14333333333333334,0.14761538461538462,0.23083333333333333,0.32,0.32611111111111113,0.54525,0.5193636363636364,0.7752916666666666,0.8206923076923077,1.2634999999999998,1.694857142857143,1.8703333333333332,2.7208125,2.644454545454545,-0.12762500000000002,-0.1345,0.01675,0.11966666666666666,0.10383333333333333,0.33740000000000003,0.376,1.304125,1.3205,0.97875,0.8066666666666666,0.848,0.5044000000000001,0.4612,1.087375,1.0775,0.71425,0.5416666666666666,0.5835,0.2774,0.23879999999999998,-0.623875,-0.6142,-0.611,-0.6212,-0.629,-0.63175,-0.63275
AGC_162,4.93,5.59,ENTRENAMIENTO,,0.17784615384615382,0.17341176470588235,0.1978,0.34125,0.43495,0.57075,0.5571818181818181,0.11246153846153846,0.11629411764705883,0.1298,0.216125,0.2781,0.331,0.29163636363636364,0.5543461538461538,0.5828235294117646,0.6115999999999999,1.10325,1.4774,1.98825,1.9094545454545455,-0.09157142857142857,-0.1035,-0.02375,0.03316666666666667,0.07185714285714286,0.13799999999999998,0.16925,1.2061428571428572,1.234,1.059,0.949,0.8757142857142857,0.7623333333333333,0.71675,1.0514285714285714,1.06675,0.856,0.7324999999999999,0.6434285714285715,0.5026666666666667,0.4625,-0.6058571428571428,-0.6064999999999999,-0.589,-0.6113333333333334,-0.6194,-0.637,-0.646
AGC_163,2.57,3.0,ENTRENAMIENTO,,0.20073684210526316,0.18433333333333335,0.2781,0.42933333333333334,0.5267058823529412,0.7169333333333333,0.6494444444444444,0.12605263157894736,0.11646666666666668,0.1567,0.2711111111111111,0.31558823529411767,0.4968666666666667,0.38216666666666665,0.672578947368421,0.6685333333333333,0.969,1.450222222222222,1.8612352941176469,2.5737333333333337,2.212388888888889,-0.15825,-0.1494,-0.08533333333333333,0.03983333333333333,0.05857142857142857,0.26080000000000003,0.20750000000000002,1.37875,1.3603999999999998,1.1996666666666667,0.9605,0.9178571428571428,0.591,0.6728333333333333,1.196375,1.1538,0.9980000000000001,0.7395,0.6845714285714285,0.3388,0.4046666666666667,-0.623,-0.625,-0.617,-0.635,-0.6243333333333333,-0.656,-0.644
AGC_164,11.84,3.0,ENTRENAMIENTO,,0.19195,0.1829047619047619,0.27125,0.5501111111111111,0.6345294117647059,0.6284666666666666,0.4602352941176471,0.12104999999999999,0.12076190476190476,0.15241666666666667,0.39588888888888885,0.4163529411764706,0.40206666666666663,0.2571764705882353,0.6477999999999999,0.6671904761904761,0.9605833333333332,1.8976666666666668,2.2808823529411764,2.1843333333333335,1.5202941176470588,-0.175125,-0.17466666666666666,-0.12033333333333333,0.1036,0.16885714285714284,0.2324,0.042428571428571434,1.427375,1.4256666666666666,1.286,0.866,0.7487142857142857,0.6275999999999999,0.9342857142857143,1.25525,1.2276666666666667,1.0863333333333334,0.6285999999999999,0.49385714285714283,0.3544,0.6050000000000001,-0.6225,-0.62,-0.608,-0.6305000000000001,-0.639,-0.6465000000000001,-0.6355
AGC_165,6.21,4.44,ENTRENAMIENTO,,0.17446153846153845,0.17099999999999999,0.23433333333333337,0.5337777777777778,0.7026666666666667,0.69325,0.6043000000000001,0.1158076923076923,0.12333333333333335,0.14433333333333334,0.35944444444444446,0.4776111111111111,0.449375,0.3598,0.551923076923077,0.5807222222222221,0.7394999999999999,1.735111111111111,2.451722222222222,2.4545,1.9122,-0.12414285714285714,-0.12575,-0.089,0.1665,0.2746,0.2914,0.2343333333333333,1.2851428571428571,1.2894999999999999,1.1965,0.726,0.5758,0.5578000000000001,0.6233333333333333,1.1407142857142856,1.1099999999999999,0.989,0.446,0.3188,0.3444,0.3701666666666667,-0.6044285714285714,-0.5858333333333333,-0.598,-0.618,-0.635,-0.626,-0.6363333333333333
AGC_166,6.76,2.5,ENTRENAMIENTO,,0.2183809523809524,0.2030769230769231,0.32399999999999995,0.6696666666666666,0.7038571428571428,0.5507272727272727,0.4408888888888889,0.11761904761904762,0.10953846153846153,0.17157142857142857,0.4291111111111111,0.4308571428571429,0.31636363636363635,0.21644444444444444,0.7303809523809525,0.718,1.102142857142857,2.116888888888889,2.3393571428571427,1.8354545454545457,1.3936666666666666,-0.1335,-0.0955,-0.05075,0.3085,0.2611428571428572,0.15419999999999998,0.08266666666666667,1.3155,1.22,1.12375,0.5351666666666667,0.5921428571428571,0.737,0.8641666666666667,1.0696666666666668,0.9702500000000001,0.84475,0.27616666666666667,0.32957142857142857,0.425,0.5125000000000001,-0.6535,-0.659,-0.65,-0.645,-0.6436666666666667,-0.663,-0.6383333333333333
AGC_167,2.46,4.54,ENTRENAMIENTO,,0.22065384615384614,0.22142105263157894,0.41733333333333333,0.4319,0.5952631578947368,0.7371538461538462,0.6464000000000001,0.13892307692307693,0.14,0.286,0.2926,0.4093684210526316,0.5006153846153846,0.42210000000000003,0.7383461538461538,0.7831578947368422,1.3373333333333335,1.4632999999999998,2.0858947368421052,2.593384615384615,2.1404,-0.13614285714285715,-0.1086,0.023999999999999997,0.08816666666666667,0.169,0.34149999999999997,0.3146,1.3190000000000002,1.2558,0.9630000000000001,0.8608333333333333,0.731,0.4951666666666667,0.5266,1.0927142857142857,0.9982,0.715,0.5996666666666667,0.4668333333333334,0.2748333333333333,0.28300000000000003,-0.6247142857142858,-0.6184000000000001,-0.612,-0.6226666666666666,-0.6322,-0.6175,-0.638
AGC_168,1.53,4.49,ENTRENAMIENTO,,0.21826086956521737,0.22288235294117648,0.322,0.67925,0.4303125,0.6679090909090909,0.7183636363636364,0.13882608695652174,0.14823529411764705,0.2027142857142857,0.530125,0.2859375,0.43818181818181823,0.4517272727272727,0.7469130434782608,0.7938823529411765,1.0977142857142856,2.210125,1.5248125,2.2938181818181818,2.5025454545454546,-0.17975,-0.15560000000000002,-0.06033333333333333,0.2202,0.018571428571428572,0.272,0.367,1.4395,1.3801999999999999,1.1453333333333333,0.6726,0.9878571428571429,0.5833333333333334,0.4718,1.19325,1.1158000000000001,0.858,0.41719999999999996,0.6848571428571428,0.308,0.2594,-0.63,-0.6166666666666667,-0.619,-0.6043333333333333,-0.63375,-0.646,-0.6475
AGC_169,2.51,2.5,ENTRENAMIENTO,,0.20026315789473684,0.1913157894736842,0.2955,0.382,0.6035625,0.7682142857142857,0.6118888888888888,0.12836842105263158,0.1276842105263158,0.181125,0.228625,0.3935625,0.535,0.35905555555555557,0.6734210526315789,0.6817894736842106,1.011625,1.31725,2.1364375,2.8147857142857142,2.089777777777778,-0.137875,-0.1725,-0.09433333333333334,-0.056999999999999995,0.0992857142857143,0.36920000000000003,0.2322857142857143,1.3315,1.4221666666666666,1.2253333333333334,1.1464,0.8571428571428571,0.4664,0.6445714285714287,1.117375,1.2015,0.9883333333333333,0.9122,0.6050000000000001,0.2468,0.36742857142857144,-0.626,-0.6273333333333334,-0.61,-0.628,-0.6253333333333333,-0.652,-0.646
AGC_170,8.13,3.0,ENTRENAMIENTO,,0.20815,0.19938095238095238,0.27908333333333335,0.335,0.49923529411764705,0.594764705882353,0.4871764705882353,0.12295,0.12576190476190477,0.15675,0.20133333333333334,0.29758823529411765,0.37823529411764706,0.25141176470588233,0.7213499999999999,0.7418095238095238,0.9836666666666667,1.203111111111111,1.7628823529411766,2.0525294117647057,1.5983529411764705,-0.192,-0.19433333333333333,-0.136,-0.093,0.0022857142857142837,0.1954,0.05257142857142857,1.47725,1.4845,1.3233333333333333,1.2248,1.0394285714285714,0.6816,0.9118571428571428,1.29875,1.2831666666666666,1.1386666666666667,1.0082,0.7957142857142857,0.41180000000000005,0.6095714285714287,-0.6365000000000001,-0.6336666666666667,-0.614,-0.637,-0.63575,-0.6443333333333333,-0.646
AGC_171,11.63,2.15,ENTRENAMIENTO,,0.21070833333333336,0.20975,0.28685714285714287,0.49118181818181816,0.6224705882352941,0.6335,0.5063636363636363,0.13475,0.1408125,0.17157142857142857,0.3529090909090909,0.4078235294117647,0.3666,0.2699090909090909,0.7167083333333334,0.7628125,0.9495714285714286,1.5814545454545454,2.081352941176471,2.1818,1.6142727272727273,-0.185,-0.16699999999999998,-0.07866666666666666,0.09200000000000001,0.16266666666666665,0.176,0.0986,1.4564285714285714,1.408,1.1763333333333332,0.8461666666666666,0.7251666666666666,0.70775,0.827,1.2304285714285714,1.137,0.9116666666666666,0.5433333333333333,0.4295,0.40375,0.49800000000000005,-0.62925,-0.6165,-0.604,-0.607,-0.63625,-0.652,-0.638
AGC_172,2.33,5.19,ENTRENAMIENTO,,0.20404,0.1936842105263158,0.2716,0.387125,0.6012777777777778,0.7113333333333333,0.6292,0.12644,0.13536842105263158,0.16019999999999998,0.24675,0.4156111111111111,0.46166666666666667,0.3399,0.6603600000000001,0.6767894736842105,0.9071999999999999,1.28125,2.160611111111111,2.6296666666666666,2.1154,-0.08975,-0.027500000000000004,-0.0685,0.05316666666666667,0.1968,0.28099999999999997,0.2774,1.20525,1.0695,1.1505,0.9095,0.6834,0.566,0.5721999999999999,1.0425,0.84825,0.9604999999999999,0.6491666666666667,0.43979999999999997,0.333,0.3242,-0.6165714285714285,-0.598,-0.612,-0.616,-0.6253333333333333,-0.6496666666666667,-0.6423333333333333
AGC_173,3.6,,PREDICCION,,0.2507727272727273,0.25333333333333335,0.4175,0.5896666666666667,0.737375,0.7395999999999999,0.6808823529411764,0.1445909090909091,0.14893333333333333,0.2595,0.41191666666666665,0.556875,0.5479333333333333,0.45005882352941173,0.8937272727272727,0.9396,1.437125,2.21425,2.9086875,2.8798666666666666,2.410235294117647,-0.161375,-0.14783333333333334,-0.009666666666666667,0.16060000000000002,0.29642857142857143,0.3254,0.23199999999999998,1.40225,1.3695000000000002,1.03,0.7444,0.5585714285714286,0.5214000000000001,0.6426000000000001,1.185125,1.1228333333333333,0.7706666666666667,0.4986,0.32371428571428573,0.2862,0.39,-0.6385000000000001,-0.634,-0.631,-0.633,-0.63225,-0.6426666666666666,-0.637
AGC_174,6.89,,PREDICCION,,0.219625,0.2067142857142857,0.2936666666666667,0.632625,0.5955625,0.5923076923076923,0.40857142857142853,0.12441666666666666,0.12535714285714286,0.18600000000000003,0.4305,0.3644375,0.34084615384615385,0.24578571428571427,0.7454583333333332,0.7379285714285714,0.9673333333333334,1.9613749999999999,2.02625,2.012076923076923,1.297857142857143,-0.181375,-0.1922,-0.066,0.17516666666666666,0.14942857142857144,0.1548,-0.00040000000000000034,1.4528750000000001,1.4802,1.16025,0.7171666666666666,0.7517142857142857,0.7372,1.0188,1.2626249999999999,1.2498,0.8885,0.4208333333333334,0.46242857142857147,0.43360000000000004,0.6658000000000001,-0.64925,-0.639,-0.62,-0.618,-0.6445000000000001,-0.6443333333333333,-0.6096666666666667
AGC_175,1.41,,PREDICCION,,0.1945769230769231,0.2058235294117647,0.3715,0.5570909090909091,0.3251052631578948,0.6486363636363636,0.7693000000000001,0.1286153846153846,0.13858823529411765,0.2708333333333333,0.3869090909090909,0.19452631578947369,0.4171818181818182,0.5189,0.6271153846153846,0.6858235294117646,1.2005000000000001,1.7772727272727273,1.1414736842105264,2.2398181818181815,2.7030000000000003,-0.141625,-0.13724999999999998,0.005666666666666667,0.12516666666666668,-0.06066666666666667,0.2612,0.36879999999999996,1.332,1.3202500000000001,0.9973333333333333,0.8029999999999999,1.1401666666666668,0.6,0.4734,1.0865,1.06325,0.7356666666666666,0.5335,0.8416666666666667,0.33599999999999997,0.261,-0.6062857142857142,-0.59675,-0.587,-0.621,-0.6185,-0.61,-0.638
AGC_176,7.15,4.38,ENTRENAMIENTO,,0.1940740740740741,0.20776470588235293,0.25733333333333336,0.51,0.6174736842105263,0.6483636363636364,0.6272222222222221,0.12903703703703703,0.1363529411764706,0.16383333333333333,0.33455555555555555,0.3908421052631579,0.3654545454545454,0.3244444444444444,0.6452592592592593,0.7234117647058823,0.8490000000000001,1.8265555555555555,2.3296842105263154,2.4217272727272725,2.206777777777778,-0.11825,-0.126,-0.02475,0.10149999999999999,0.20766666666666667,0.29533333333333334,0.21939999999999998,1.2735,1.2945,1.06525,0.8238333333333333,0.6631666666666667,0.553,0.6458,1.07425,1.086,0.8234999999999999,0.5545,0.4141666666666666,0.3203333333333333,0.3718,-0.6105,-0.611,-0.593,-0.6303333333333333,-0.6363333333333333,-0.6315,-0.641
AGC_177,5.66,,PREDICCION,,0.1921923076923077,0.20493333333333333,0.325,0.6038461538461538,0.6964444444444444,0.6669090909090909,0.4977272727272728,0.13134615384615383,0.13566666666666669,0.2173333333333333,0.38323076923076926,0.42833333333333334,0.42490909090909085,0.2772727272727273,0.645576923076923,0.7329333333333333,1.0558333333333334,1.9663846153846156,2.434333333333333,2.2635454545454547,1.6177272727272725,-0.181625,-0.18125,-0.06066666666666667,0.1446,0.23542857142857146,0.26339999999999997,0.097,1.447125,1.4455,1.148,0.7604,0.6315714285714286,0.5896,0.8358000000000001,1.3035,1.27075,0.8936666666666667,0.462,0.368,0.3336,0.4958,-0.608,-0.621,-0.609,-0.6076666666666667,-0.64775,-0.633,-0.6266666666666666
AGC_178,9.82,4.39,ENTRENAMIENTO,,0.20912,0.2178125,0.2708333333333333,0.41111111111111115,0.62275,0.6300909090909091,0.52975,0.13296,0.13775,0.147,0.271,0.40518750000000003,0.34600000000000003,0.2843333333333333,0.7175199999999999,0.7938125,0.8883333333333333,1.390111111111111,2.04125,2.1006363636363634,1.6804166666666667,-0.189,-0.19240000000000002,-0.0675,-0.0068333333333333345,0.142,0.17099999999999999,0.11579999999999999,1.4685000000000001,1.4788000000000001,1.165,1.029,0.7595714285714286,0.7165,0.8028000000000001,1.2502499999999999,1.2066,0.90175,0.7520000000000001,0.4797142857142857,0.4415,0.4796,-0.62825,-0.6393333333333334,-0.616,-0.615,-0.632,-0.6336666666666667,-0.6426666666666666
AGC_179,6.35,4.55,ENTRENAMIENTO,,0.20088,0.20673333333333332,0.30414285714285716,0.4547777777777778,0.40044444444444444,0.7181666666666667,0.7062999999999999,0.13036,0.13993333333333335,0.20514285714285713,0.29366666666666663,0.25216666666666665,0.5039166666666667,0.43620000000000003,0.654,0.7208,0.9901428571428571,1.484,1.4259444444444442,2.4395000000000002,2.4096,-0.093125,-0.1044,-0.03666666666666666,0.08420000000000001,0.02542857142857143,0.3298,0.3426,1.224875,1.2471999999999999,1.0856666666666668,0.8676,0.9817142857142857,0.5118,0.49939999999999996,0.992875,0.9874,0.848,0.5838,0.688,0.267,0.27199999999999996,-0.612375,-0.6066,-0.594,-0.6176,-0.615,-0.6076666666666667,-0.64225
AGC_180,10.9,4.14,ENTRENAMIENTO,,0.2233478260869565,0.22666666666666666,0.43574999999999997,0.7384545454545454,0.7344375,0.642,0.5139166666666667,0.125,0.13547619047619047,0.275625,0.5749090909090909,0.4564375,0.3843,0.29058333333333336,0.7314782608695652,0.7836190476190475,1.42475,2.463181818181818,2.5675625,2.1853000000000002,1.7025833333333333,-0.1372857142857143,-0.1214,0.042,0.3302,0.313,0.25375000000000003,0.11783333333333333,1.321,1.2804,0.9279999999999999,0.5082,0.5264285714285715,0.5995,0.8001666666666667,1.1428571428571428,1.0894,0.661,0.2594,0.2824285714285714,0.34725,0.4681666666666667,-0.64375,-0.6325000000000001,-0.639,-0.643,-0.6415,-0.6276666666666667,-0.627
AGC_181,1.49,4.51,ENTRENAMIENTO,,0.20704347826086958,0.19995238095238094,0.2641428571428571,0.445,0.636375,0.7533333333333334,0.5146,0.12547826086956523,0.131,0.16842857142857143,0.289,0.4054375,0.5122222222222222,0.3245,0.6838695652173914,0.7186666666666667,0.8574285714285714,1.49425,2.298375,2.786666666666667,1.6759,-0.15125,-0.15225,-0.057666666666666665,0.0518,0.23628571428571427,0.3094,0.17625,1.359875,1.36175,1.136,0.9168,0.6292857142857143,0.5372,0.7105,1.16875,1.1545,0.899,0.6694,0.39271428571428574,0.3196,0.445,-0.63175,-0.61275,-0.599,-0.607,-0.6395,-0.6545000000000001,-0.623
AGC_182,4.13,,PREDICCION,,0.20757692307692308,0.21725,0.2812857142857143,0.5246000000000001,0.5921578947368421,0.608,0.5707,0.13515384615384615,0.138625,0.18942857142857145,0.3358,0.3990526315789474,0.4039090909090909,0.3256,0.6852692307692307,0.7548125,0.9668571428571429,1.8527,2.1051052631578946,2.1729090909090907,1.8618999999999999,-0.117625,-0.12175,-0.0765,0.1464,0.1995,0.24,0.186,1.273,1.2825,1.1695,0.7518,0.6741666666666667,0.6195999999999999,0.6942,1.055375,1.048,0.934,0.49460000000000004,0.417,0.356,0.403,-0.6168571428571428,-0.6208,-0.601,-0.6226666666666666,-0.635,-0.6242,-0.6405000000000001
AGC_183,7.85,,PREDICCION,,0.23894736842105263,0.2111,0.27890909090909094,0.5202222222222221,0.6281764705882353,0.6316666666666666,0.4894117647058824,0.13573684210526316,0.1303,0.14427272727272727,0.34755555555555556,0.39094117647058824,0.38906666666666667,0.2665882352941176,0.798578947368421,0.75155,1.0084545454545455,1.7621111111111112,2.2928823529411764,2.244866666666667,1.677529411764706,-0.14125,-0.1288,-0.0010000000000000009,0.15416666666666667,0.2354285714285714,0.2484,0.08014285714285715,1.33775,1.3044,1.0545,0.7551666666666667,0.6307142857142857,0.6086,0.8795714285714286,1.176375,1.1094,0.90675,0.5305,0.39842857142857147,0.3664,0.5555714285714285,-0.64,-0.6386666666666666,-0.613,-0.622,-0.643,-0.625,-0.6305000000000001
AGC_184,9.96,4.47,ENTRENAMIENTO,,0.21768,0.2216470588235294,0.36466666666666664,0.6535454545454545,0.71135,0.6799999999999999,0.6171,0.13644,0.1461764705882353,0.2081666666666667,0.40072727272727277,0.44960000000000006,0.43746153846153846,0.3835,0.7528400000000001,0.8286470588235294,1.2623333333333333,1.9520000000000002,2.18855,2.1108461538461536,1.8276,-0.193625,-0.20579999999999998,-0.074,0.22366666666666668,0.2684285714285714,0.2324,0.1444,1.488375,1.5244,1.1813333333333333,0.6429999999999999,0.5808571428571428,0.6264000000000001,0.7522,1.243625,1.2544,0.862,0.349,0.29728571428571426,0.3348,0.4122,-0.6244,-0.614,-0.639,-0.6213333333333333,-0.635,-0.6256666666666667,-0.63425
AGC_185,11.88,5.01,ENTRENAMIENTO,,0.21473076923076923,0.21711764705882355,0.32657142857142857,0.60375,0.6118888888888888,0.6165833333333334,0.5464545454545454,0.14084615384615384,0.146,0.21428571428571427,0.414875,0.3943888888888889,0.3591666666666667,0.3104545454545455,0.7405384615384616,0.7902941176470588,1.0767142857142857,1.786,1.9204444444444444,1.9925,1.708181818181818,-0.167125,-0.16099999999999998,-0.1,0.21083333333333332,0.1717142857142857,0.141,0.13,1.4085,1.388,1.225,0.6601666666666667,0.7135714285714286,0.758,0.7766,1.1735,1.0988,0.986,0.3813333333333333,0.4134285714285714,0.4013333333333333,0.44000000000000006,-0.62425,-0.6185,-0.61,-0.61,-0.63775,-0.645,-0.6405000000000001
AGC_186,11.7,,PREDICCION,,0.23124,0.24452941176470588,0.3827142857142857,0.613,0.5771111111111111,0.6880714285714286,0.6672727272727272,0.1518,0.15488235294117647,0.20214285714285715,0.392125,0.3386111111111111,0.4709285714285714,0.39945454545454545,0.8223600000000001,0.9209411764705882,1.304,1.96675,1.985111111111111,2.2735,2.1193636363636363,-0.209125,-0.186,-0.040749999999999995,0.19616666666666663,0.12328571428571429,0.28875,0.2846666666666667,1.534125,1.4682,1.1045,0.7055000000000001,0.8277142857142857,0.563,0.5693333333333334,1.334125,1.1762000000000001,0.79,0.44316666666666665,0.5471428571428572,0.30474999999999997,0.30783333333333335,-0.629,-0.6335,-0.6315,-0.635,-0.65125,-0.6513333333333334,-0.642
AGC_187,8.04,3.0,ENTRENAMIENTO,,0.2216086956521739,0.2008235294117647,0.288125,0.65525,0.7199444444444444,0.5632666666666667,0.4116470588235294,0.13356521739130436,0.12658823529411767,0.15725,0.4423333333333333,0.49444444444444446,0.3307333333333334,0.21158823529411763,0.7684782608695653,0.7475882352941177,1.0505,2.2300833333333334,2.5865,1.8861333333333334,1.294529411764706,-0.18562499999999998,-0.19,-0.10475000000000001,0.1698,0.26157142857142857,0.14283333333333334,-0.011571428571428575,1.458375,1.472,1.25975,0.7298,0.5925714285714285,0.7573333333333334,1.0381428571428573,1.273,1.262,1.0575,0.46959999999999996,0.33185714285714285,0.4355,0.646,-0.63,-0.6356666666666667,-0.601,-0.626,-0.6305000000000001,-0.6336666666666667,-0.6305000000000001
AGC_188,2.34,,PREDICCION,,0.20837037037037037,0.2127058823529412,0.3345,0.4696666666666667,0.45384210526315794,0.6213,0.636,0.13662962962962963,0.13711764705882354,0.227,0.32522222222222225,0.2913684210526316,0.41899999999999993,0.3906,0.6868888888888889,0.7257058823529412,1.0851666666666666,1.5633333333333335,1.561842105263158,2.1929,2.1495,-0.13824999999999998,-0.13774999999999998,-0.02666666666666667,0.07533333333333334,0.05566666666666667,0.22959999999999997,0.2112,1.32575,1.32325,1.063,0.87,0.9151666666666666,0.6417999999999999,0.6812,1.07625,1.05775,0.7786666666666666,0.5975,0.6391666666666667,0.3718,0.41500000000000004,-0.6074999999999999,-0.599,-0.595,-0.616,-0.62075,-0.6214999999999999,-0.635
AGC_189,4.6,4.03,ENTRENAMIENTO,,0.20568,0.22046666666666667,0.355,0.5409090909090909,0.6284117647058823,0.6424545454545455,0.5566,0.12924,0.13879999999999998,0.20475,0.33354545454545453,0.3776470588235294,0.3583636363636364,0.2976,0.6921200000000001,0.7911333333333332,1.155875,1.6841818181818182,2.143176470588235,2.168181818181818,1.7386,-0.16114285714285717,-0.1344,-0.0036666666666666653,0.11599999999999999,0.16566666666666666,0.17916666666666667,0.12583333333333332,1.391142857142857,1.3256000000000001,1.0206666666666666,0.8018000000000001,0.7273333333333333,0.7014999999999999,0.7871666666666667,1.1914285714285715,1.1088,0.7553333333333333,0.501,0.4608333333333334,0.39433333333333337,0.44083333333333335,-0.6213333333333333,-0.6226,-0.629,-0.624,-0.638,-0.6366666666666667,-0.6395
AGC_190,5.01,,PREDICCION,,0.17028,0.1597222222222222,0.2152,0.48300000000000004,0.6763529411764706,0.666,0.5649,0.10756,0.11572222222222223,0.1292,0.327,0.4642941176470588,0.437125,0.3296,0.52012,0.5225555555555556,0.6686,1.5501666666666667,2.366470588235294,2.39725,1.7870000000000001,-0.13699999999999998,-0.09375,-0.04699999999999999,0.15366666666666667,0.25016666666666665,0.29533333333333334,0.20800000000000002,1.3195714285714286,1.2135,1.114,0.7465,0.6063333333333333,0.5513333333333333,0.6622,1.1875714285714287,1.02575,0.9093333333333332,0.4666666666666666,0.3495,0.3116666666666667,0.391,-0.6065714285714285,-0.5791999999999999,-0.6214999999999999,-0.6183333333333333,-0.631,-0.6366666666666667,-0.6326666666666667
AGC_191,1.75,,PREDICCION,,0.25352,0.24578947368421053,0.32516666666666666,0.449,0.5672352941176471,0.6451,0.6042500000000001,0.15552,0.15473684210526314,0.218,0.2811,0.3728823529411765,0.44370000000000004,0.38283333333333336,0.8390000000000001,0.8750526315789474,1.077,1.5486,2.0088823529411766,2.3663,2.0526666666666666,-0.064125,-0.06625,0.007333333333333333,0.08700000000000001,0.16657142857142856,0.2835,0.2265,1.144,1.14775,0.992,0.8494999999999999,0.7251428571428572,0.567,0.639,0.89525,0.88525,0.7040000000000001,0.5788333333333333,0.46,0.30674999999999997,0.36524999999999996,-0.6346,-0.626,-0.621,-0.6183333333333333,-0.6435,-0.648,-0.645
AGC_192,2.14,,PREDICCION,,0.24108333333333334,0.24266666666666667,0.41133333333333333,0.5001111111111112,0.5857894736842105,0.7157272727272727,0.6355,0.150875,0.15213333333333334,0.2615,0.3277777777777778,0.37557894736842107,0.4626363636363637,0.378625,0.8150416666666667,0.8656,1.34,1.639888888888889,2.073,2.6213636363636366,2.113375,-0.111375,-0.1092,0.0023333333333333353,0.0535,0.15533333333333332,0.31399999999999995,0.26739999999999997,1.26625,1.259,1.004,0.9213333333333334,0.7483333333333334,0.5292,0.5874,1.0819999999999999,1.0328,0.7533333333333333,0.6731666666666666,0.4996666666666667,0.3046,0.3372,-0.6265000000000001,-0.6222,-0.613,-0.62225,-0.633,-0.639,-0.6405000000000001
AGC_193,12.41,4.57,ENTRENAMIENTO,,0.21224,0.20605882352941177,0.2885714285714286,0.4116666666666667,0.6055882352941176,0.7095,0.5904545454545455,0.13019999999999998,0.1291764705882353,0.14514285714285716,0.2822222222222222,0.3881764705882353,0.4234,0.3135454545454545,0.72548,0.7507058823529412,0.969,1.321,2.061470588235294,2.4861,1.9001818181818182,-0.197,-0.172,-0.119,0.0185,0.119,0.2005,0.1605,1.4919999999999998,1.4264,1.2755,0.9753333333333334,0.7977142857142857,0.669,0.7295,1.2532857142857143,1.137,0.9844999999999999,0.6671666666666667,0.5022857142857143,0.3665,0.3935,-0.6325000000000001,-0.6245,-0.633,-0.599,-0.63875,-0.644,-0.641
AGC_194,4.12,3.2,ENTRENAMIENTO,,0.22982608695652176,0.20546153846153845,0.35000000000000003,0.5686249999999999,0.521,0.5881111111111111,0.6145454545454545,0.1305217391304348,0.11976923076923077,0.20366666666666666,0.342875,0.3000666666666667,0.4017777777777778,0.33790909090909094,0.7579130434782608,0.7334615384615385,1.1573333333333333,1.816875,1.7953333333333332,1.967888888888889,1.9218181818181819,-0.08214285714285714,-0.08125,-0.018,0.1812,0.15257142857142858,0.23199999999999998,0.20600000000000002,1.1921428571428572,1.18975,1.0536666666666668,0.7121999999999999,0.7531428571428572,0.6315999999999999,0.6646,0.983,0.95,0.827,0.4862,0.5305714285714286,0.3726,0.3868,-0.651,-0.653,-0.638,-0.656,-0.6476666666666667,-0.651,-0.6486666666666667
AGC_195,1.92,3.68,ENTRENAMIENTO,,0.19087500000000002,0.19089473684210526,0.2975714285714286,0.5801999999999999,0.6396666666666666,0.6235,0.5767272727272728,0.12854166666666667,0.1278421052631579,0.206,0.4227,0.41050000000000003,0.40041666666666664,0.2903636363636364,0.6283333333333333,0.6833684210526316,0.9687142857142857,1.7901,2.089166666666667,2.1028333333333333,1.8373636363636363,-0.150875,-0.16749999999999998,-0.057,0.16216666666666665,0.18742857142857144,0.2615,0.14133333333333334,1.365125,1.405,1.14,0.7403333333333334,0.6950000000000001,0.5915,0.761,1.218125,1.2,0.8795,0.48066666666666663,0.41900000000000004,0.3185,0.4258333333333333,-0.6114999999999999,-0.6165,-0.6,-0.6094999999999999,-0.64475,-0.6145,-0.648
AGC_196,8.57,3.5,ENTRENAMIENTO,,0.2273333333333333,0.20994736842105263,0.2751,0.738,0.8004705882352942,0.5567857142857143,0.3666153846153846,0.13966666666666666,0.13442105263157897,0.1679,0.5411818181818182,0.5803529411764705,0.3499285714285714,0.1936153846153846,0.7828750000000001,0.7896315789473685,1.0374,2.6437272727272725,3.010882352941177,1.9295714285714285,1.2360000000000002,-0.183625,-0.1968,-0.17266666666666666,0.2502,0.3777142857142857,0.1804,-0.022,1.451625,1.4922,1.4223333333333334,0.6258,0.4571428571428572,0.7051999999999999,1.0591428571428572,1.220625,1.25,1.1863333333333335,0.3758,0.2317142857142857,0.40099999999999997,0.6364285714285715,-0.63425,-0.64025,-0.62,-0.6385000000000001,-0.64675,-0.611,-0.6265000000000001
AGC_197,11.52,4.52,ENTRENAMIENTO,,0.20641666666666666,0.2052857142857143,0.25085714285714283,0.3952,0.5761764705882353,0.5950909090909091,0.4579090909090909,0.12191666666666667,0.12821428571428573,0.148,0.2525,0.3420588235294118,0.3362727272727273,0.24827272727272726,0.6885833333333333,0.7313571428571429,0.8552857142857143,1.2627000000000002,2.0183529411764702,2.0706363636363636,1.4884545454545455,-0.187,-0.1668,-0.07975,0.016666666666666666,0.10428571428571429,0.136,0.11019999999999999,1.46325,1.4096,1.20425,0.9811666666666667,0.8238571428571427,0.7646666666666667,0.8158000000000001,1.243125,1.1548,0.93775,0.6688333333333333,0.5278571428571428,0.45333333333333337,0.5014,-0.63725,-0.6233333333333334,-0.606,-0.601,-0.642,-0.6516666666666667,-0.634
